country,2000,2001,2002,2003,2004,2005,2006,2007,2008,2009,2010,2011,2012,2013,2014,2015,2016,2017,2018,2019,2020,2021
Aruba,1873184358.0,1896648045.0,1962011173.0,2044134078.0,2254748603.0,2359776536.0,2469832402.0,2677653631.0,2843016760.0,2553631285.0,2453631285.0,2637988827.0,2615083799.0,2727932961.0,2791061453.0,2963128492.0,2983798883.0,3092178771.0,3276187709.0,3395793855.0,2610038939.0,3126019385.0
Africa Eastern and Southern,284759318603.0,259643121973.0,266529432166.0,354176768091.0,440481795991.0,513941625354.0,577586931667.0,662868036074.0,710536227817.0,721901168421.0,863519541418.0,967824566959.0,975354777362.0,985987130727.0,1006526390113.0,927348469903.0,885176429224.0,1021043200767.0,1007196197587.0,1000834077089.0,927593321648.0,1081998139192.0
Afghanistan,,,3854235264.0,4539496563.0,5220825049.0,6226198935.0,6971383339.0,9715765105.0,10249770319.0,12154835708.0,15633843662.0,18190413832.0,20203572960.0,20564485419.0,20550582747.0,19998143636.0,18019554403.0,18896353156.0,18418860354.0,18904502222.0,20143451706.0,14583135237.0
Africa Western and Central,140945759314.0,148529518712.0,177201164643.0,205214466071.0,254264799899.0,310889578636.0,396921040009.0,465485534969.0,567791156729.0,508362731367.0,598521555566.0,682015858792.0,737589473577.0,833948054767.0,894322482190.0,768644740597.0,691363412188.0,684898755571.0,767025741475.0,822538393591.0,786460035395.0,844459722153.0
Angola,9129594819.0,8936079253.0,15285592487.0,17812704626.0,23552057820.0,36970901025.0,52381025105.0,65266415707.0,88538664888.0,70307196477.0,81699526881.0,109436566876.0,124998210652.0,133401582620.0,137244439121.0,87219300385.0,49840491178.0,68972769396.0,77792944472.0,69309110146.0,50241368244.0,65685435100.0
Albania,3480355258.0,3922100794.0,4348068242.0,5611496257.0,7184685782.0,8052077209.0,8896074996.0,10677324873.0,12881352878.0,12044205572.0,11926926654.0,12890760273.0,12319834233.0,12776224537.0,13228147516.0,11386853143.0,11861199831.0,13019726212.0,15156424062.0,15401826081.0,15162734205.0,17930565119.0
Andorra,1429048106.0,1546912332.0,1755989899.0,2361635782.0,2895047587.0,3159826892.0,3456265062.0,3952397735.0,4085781939.0,3674188229.0,3449925739.0,3629133575.0,3188652765.0,3193512950.0,3271685597.0,2789881259.0,2896610480.0,3000162081.0,3218419897.0,3155149348.0,2891001149.0,3325145407.0
Arab World,820185610129.0,802881110720.0,807961558720.0,893818030124.0,1062736962989.0,1304401465633.0,1545539138979.0,1797932187932.0,2263028942886.0,1987053424430.0,2334637959849.0,2555979378992.0,2801697577806.0,2859669252730.0,2905732745187.0,2554156134623.0,2537536661585.0,2637111521998.0,2843476105064.0,2868890920845.0,2533377484137.0,2928455523440.0
United Arab Emirates,104337372362.0,103311640572.0,109816201498.0,124346358067.0,147824370320.0,180617467965.0,222116541865.0,257916133424.0,315474615739.0,253547358747.0,289787452662.0,350666058380.0,384610125391.0,400218529748.0,414105366753.0,370275469571.0,369255326236.0,390516804030.0,427049432158.0,417989721743.0,349473015330.0,415021590688.0
Argentina,284203750000.0,268696750000.0,97724004252.0,127586973492.0,164657930453.0,198737095012.0,232557260817.0,287530508431.0,361558037110.0,332976484578.0,423627422092.0,530158176674.0,545982375701.0,552025140252.0,526319673732.0,594749285413.0,557532317363.0,643628396190.0,524819898587.0,447754686715.0,385540406816.0,487227125386.0
Armenia,1911563669.0,2118467913.0,2376335048.0,2807061009.0,3576615240.0,4900469515.0,6384452071.0,9206301264.0,11662040704.0,8647937091.0,9260285762.0,10142111812.0,10619320693.0,11121464430.0,11609513241.0,10553337528.0,10546136240.0,11527458713.0,12457940705.0,13619290546.0,12641698594.0,13861409969.0
American Samoa,,,512000000.0,524000000.0,509000000.0,500000000.0,493000000.0,518000000.0,560000000.0,675000000.0,573000000.0,570000000.0,640000000.0,638000000.0,643000000.0,673000000.0,671000000.0,612000000.0,639000000.0,647000000.0,716000000.0,709000000.0
Antigua and Barbuda,826370370.4,800481481.5,814381481.5,856396296.3,919729629.6,1022962963.0,1157662963.0,1312759259.0,1370070370.0,1228329630.0,1148700000.0,1137637037.0,1199948148.0,1181448148.0,1249733333.0,1336692593.0,1436585185.0,1467955556.0,1604770370.0,1675403704.0,1416348148.0,1560518519.0
Australia,415844972940.0,379357823193.0,395573025330.0,467497961561.0,614326362214.0,695305000207.0,747907432137.0,854427259166.0,1055686110666.0,928629769752.0,1148569537285.0,1398456161408.0,1546952690140.0,1576329690004.0,1467589901175.0,1350580336317.0,1206562910557.0,1326467487376.0,1428266513154.0,1392218527563.0,1326944627877.0,1552703151616.0
Austria,197289625480.0,197508773215.0,214394866675.0,262273631180.0,301457562039.0,316092273276.0,336280064332.0,389185571506.0,432051935643.0,401758735822.0,392275107259.0,431685217368.0,409401816051.0,430190979706.0,442584815286.0,381971148531.0,395837353032.0,417261151845.0,454991174096.0,444621176101.0,435225238000.0,480368403893.0
Azerbaijan,5272617196.0,5707618247.0,6236086669.0,7276413079.0,8680410158.0,13245421881.0,20981929498.0,33049426816.0,48851318826.0,44292408817.0,52909294792.0,65952763949.0,69679913510.0,74160553009.0,75239737489.0,53076244755.0,37867007023.0,40866632048.0,47112479289.0,48174235294.0,42693000000.0,54825411765.0
Burundi,870486065.9,876794723.1,825394519.7,784654423.6,915257323.4,1117113080.0,1273375078.0,1356199387.0,1611835857.0,1781455140.0,2032135191.0,2235820809.0,2333341334.0,2451606632.0,2705783330.0,3104003546.0,2644487777.0,2723586962.0,2667182199.0,2576518879.0,2649680261.0,2775798697.0
Belgium,236792460312.0,236746141604.0,258383599375.0,318082528507.0,369214712443.0,385714762230.0,408259840869.0,470922156309.0,517328087920.0,483254171098.0,481420882905.0,523330354138.0,496152879925.0,521791015247.0,535390200131.0,462335574841.0,476062757357.0,502764720556.0,543299066999.0,535865692402.0,525213067068.0,594351961634.0
Benin,3519991440.0,3666222634.0,4194342689.0,5349258093.0,6190270377.0,6567654959.0,7034111316.0,8169048375.0,9787734517.0,9738626510.0,9535345011.0,10693321370.0,11141358106.0,12517845128.0,13284527850.0,11388160997.0,11821065852.0,12701655846.0,14262408080.0,14391686309.0,15651545209.0,17690083520.0
Burkina Faso,2968370087.0,3190371080.0,3622350066.0,4740768141.0,5451688535.0,6146353177.0,6547419822.0,7625722829.0,9451435481.0,9450696866.0,10109619736.0,12080295985.0,12561015145.0,13444300490.0,13943016080.0,11832159316.0,12833363044.0,14106955625.0,15890066210.0,16178161666.0,17933606213.0,19737616003.0
Bangladesh,53369787319.0,53991289844.0,54724081491.0,60158929188.0,65108544250.0,69442943089.0,71819083684.0,79611888213.0,91631278239.0,102477779060.0,115279077465.0,128637983883.0,133355819705.0,149990529208.0,172885432687.0,195078574089.0,265236389199.0,293754769935.0,321379163136.0,351238397264.0,373902196399.0,416264802185.0
Bulgaria,13245990274.0,14183443862.0,16403043850.0,21144962058.0,26157744753.0,29868651533.0,34380543845.0,44432811756.0,54480697770.0,52023813558.0,50754203891.0,57735709914.0,54290156342.0,55844245264.0,57159557805.0,50828088836.0,53987487124.0,59343060706.0,66399602077.0,68911930628.0,70404359049.0,84061395658.0
Bahrain,9062898936.0,8976196809.0,9593510638.0,11074813830.0,13150159574.0,15968723404.0,18504760638.0,21730000000.0,25710904255.0,22938218085.0,25713271277.0,28776595745.0,30749308511.0,32539468085.0,33387712766.0,31050638298.0,32234973404.0,35473776596.0,37802005319.0,38653318085.0,34621807713.0,39303403989.0
"Bahamas, The",8076470000.0,8317830000.0,8881160000.0,8870090000.0,9055290000.0,9836200000.0,10167250000.0,10618340000.0,10526000000.0,9981960000.0,10095760000.0,10070450000.0,10720500000.0,10562800000.0,11176100000.0,11672900000.0,11750800000.0,12253500000.0,12653600000.0,13058700000.0,9754600000.0,11527600000.0
Bosnia and Herzegovina,5567774049.0,5800616572.0,6728219507.0,8498893358.0,10156541358.0,11222796197.0,12864842269.0,15778737117.0,19112801197.0,17613946109.0,17176320823.0,18644239028.0,17226736285.0,18179104549.0,18558731213.0,16404352156.0,17116926092.0,18326376394.0,20484048416.0,20482603346.0,20226030731.0,23649566069.0
Belarus,12736856828.0,12354820144.0,14594928109.0,17825437483.0,23141593074.0,30210091837.0,36961822468.0,45275747157.0,60752177439.0,50873181572.0,57231904543.0,61762340943.0,65685903570.0,75527537703.0,78812785768.0,56454895055.0,47723549319.0,54725311690.0,60031163987.0,64410112583.0,61371755326.0,69673747132.0
Belize,1116000000.0,1163000000.0,1233000000.0,1298000000.0,1389500000.0,1461500000.0,1581000000.0,1696000000.0,1729000000.0,1680500000.0,1738500000.0,1819500000.0,1903000000.0,2029500000.0,2138000000.0,2210500000.0,2258500000.0,2286000000.0,2315000000.0,2416500000.0,2080000000.0,2491500000.0
Bermuda,3480219000.0,3680483000.0,3937228000.0,4186525000.0,4484703000.0,4868136000.0,6144000000.0,6767000000.0,6980000000.0,6656000000.0,6634526000.0,6312691000.0,6378188000.0,6465756000.0,6413988000.0,6654541000.0,6899911000.0,7142316000.0,7225977000.0,7423465000.0,6887147000.0,7127200000.0
Bolivia,8397855937.0,8141517339.0,7905485146.0,8082399991.0,8773451752.0,9549122313.0,11451845379.0,13120107739.0,16674276979.0,17339992194.0,19649724656.0,23963162969.0,27084497482.0,30659338886.0,32996188017.0,33000198249.0,33941126194.0,37508642171.0,40287647931.0,40895322851.0,36629843806.0,40408208524.0
Brazil,655448188246.0,559983704076.0,509795270707.0,558233724161.0,669289321954.0,891633826583.0,1107626711436.0,1397114247288.0,1695855391816.0,1666996294325.0,2208838108593.0,2616156606735.0,2465228293863.0,2472819362259.0,2456043766064.0,1802211999556.0,1795693265824.0,2063514688762.0,1916933708404.0,1873288159001.0,1476107292037.0,1649622972159.0
Barbados,3059500000.0,3054500000.0,3106500000.0,3209500000.0,3444500000.0,3819500000.0,4217450800.0,4674007450.0,4784925100.0,4465657300.0,4529928300.0,4657699450.0,4610096000.0,4677248300.0,4696344350.0,4724691200.0,4832811750.0,4981588900.0,5097283200.0,5324250000.0,4671800000.0,4843800000.0
Brunei Darussalam,6001280944.0,5601020247.0,5843367180.0,6557395816.0,7872201251.0,9531417164.0,11470462365.0,12247680703.0,14393437610.0,10732592999.0,13707275498.0,18525128230.0,19048443089.0,18094326393.0,17097801092.0,12930292949.0,11400467372.0,12128182464.0,13567164445.0,13469240163.0,12005795915.0,14006497000.0
Bhutan,424448931.0,461479580.2,520846131.7,603999372.4,682577073.5,796938572.0,874989734.7,1168307575.0,1227809261.0,1234015142.0,1547990907.0,1777102586.0,1781280170.0,1756214304.0,1907090362.0,2003596824.0,2158971718.0,2450366108.0,2446867582.0,2535655609.0,2325185521.0,2539551327.0
Botswana,5788329609.0,5489608300.0,5438864269.0,7511582173.0,8957467707.0,9918907108.0,9919158482.0,10567270656.0,10730828592.0,10118459714.0,12637273429.0,15110642876.0,13907464500.0,14271738367.0,15470087926.0,13530749290.0,15082636723.0,16105156376.0,17031943186.0,16725908662.0,14960291541.0,18737066307.0
Central African Republic,916777282.7,932648604.4,996068145.6,1142315522.0,1272360517.0,1337894380.0,1461859763.0,1699811293.0,1993407887.0,2067381664.0,2142591539.0,2437982707.0,2510126510.0,1691544111.0,1894813390.0,1695825714.0,1825018144.0,2072349974.0,2220979145.0,2221301351.0,2326720902.0,2516498412.0
Canada,744773415932.0,738962729045.0,760649334098.0,895540646635.0,1026690238278.0,1173108598779.0,1319264809591.0,1468820407783.0,1552989690722.0,1374625142157.0,1617343367486.0,1793326630175.0,1828366481522.0,1846597421835.0,1805749878440.0,1556508816217.0,1527994741907.0,1649265644244.0,1725297938436.0,1743725183673.0,1647598402303.0,2001486745424.0
Central Europe and the Baltics,428593201405.0,468615587873.0,528073833481.0,634392770406.0,763090766154.0,886071848816.0,1001568223853.0,1265418819111.0,1530535154239.0,1289701858874.0,1316398490312.0,1454558246006.0,1358875109415.0,1417323424010.0,1463549880657.0,1293370353420.0,1316495750804.0,1461216063230.0,1648513132166.0,1674114230083.0,1665358949114.0,1905555039663.0
Switzerland,279209007353.0,286580125206.0,309299934076.0,362088305989.0,403914244452.0,418292704114.0,441619409123.0,490754683815.0,567273005013.0,554191679309.0,598851028907.0,715888126682.0,686420221558.0,706234937371.0,726537808338.0,694118186380.0,687895460903.0,695200833086.0,725562534364.0,721369112727.0,739913619797.0,800640155387.0
Channel Islands,6439703435.0,6232906290.0,6663669065.0,7332244898.0,8553643354.0,8827272727.0,9676172953.0,11514605842.0,,,,,,,,,9511207129.0,9530244530.0,10422948632.0,10381669645.0,9811538462.0,11735662220.0
Chile,78249883996.0,71517267768.0,70295232513.0,76507853876.0,99079365628.0,122314960844.0,153840051814.0,172565861849.0,179663390875.0,171412643624.0,217105434200.0,251224856981.0,267175870678.0,277239473854.0,259405194673.0,242496655712.0,249298706449.0,276364936832.0,295402646018.0,278493308134.0,254096103516.0,316713577509.0
China,1211331627479.0,1339400843165.0,1470557565966.0,1660280610710.0,1955346808095.0,2285961242870.0,2752118542130.0,3550327569655.0,4594336785738.0,5101691085626.0,6087191720867.0,7551545321800.0,8532185615747.0,9570470577245.0,10475624783236.0,11061573199440.0,11233314018690.0,12310491176727.0,13894907485399.0,14279968485748.0,14687743556970.0,17820459342451.0
Cote d'Ivoire,16577533892.0,16810537038.0,18054383334.0,21251754335.0,23510575669.0,24036918719.0,25281413268.0,28760090924.0,34078240260.0,33886813225.0,34936307964.0,36693710822.0,36302302844.0,42760235496.0,48843005625.0,45815005171.0,48407761032.0,52512344034.0,58522477745.0,59898479821.0,62982768372.0,71811075955.0
Cameroon,10566579295.0,10953485345.0,12417251342.0,15970315030.0,18826214125.0,19509852219.0,20910512978.0,23928250410.0,27715142006.0,27932970297.0,27507501809.0,30630910513.0,30155062303.0,33728621190.0,36386544716.0,32210233022.0,33814337041.0,36098547059.0,39973842059.0,39670976440.0,40773241212.0,45338285386.0
"Congo, Dem. Rep.",19088046306.0,7438189100.0,8728038525.0,8937567060.0,10297483481.0,11964484458.0,14451901696.0,16737071816.0,19788515579.0,18648372545.0,21565721036.0,25839749199.0,29306235295.0,32679745036.0,35909040944.0,37917706486.0,37134801549.0,38019264805.0,47568210021.0,51775829869.0,48716961865.0,55350968593.0
"Congo, Rep.",3227927697.0,2796704603.0,3034250926.0,3503723087.0,4656974938.0,6650001685.0,8072305031.0,8782703428.0,11649857662.0,9723299908.0,13148396206.0,15655383586.0,17692911281.0,17958720704.0,17912907682.0,11890259177.0,10219341017.0,11094823677.0,13670038020.0,12750338736.0,10483151094.0,13366230821.0
Colombia,99875074935.0,98200641189.0,97945812790.0,94644969146.0,117092416651.0,145600527536.0,161792959248.0,206229536758.0,242504150473.0,232468666665.0,286498534095.0,334966134865.0,370691143087.0,382093697078.0,381240864422.0,293492370229.0,282720100286.0,311866875136.0,334198218101.0,323031701211.0,270150956773.0,318511813577.0
Comoros,351136579.8,378512024.1,425964681.1,546885223.2,633706110.4,653845169.2,698431794.5,795673153.2,915659107.8,905341174.0,907978731.7,1023086273.0,1015843491.0,1116224107.0,1149587660.0,966029599.8,1012835493.0,1077439756.0,1188797450.0,1195019531.0,1225039196.0,1296089479.0
Cabo Verde,539227277.6,563090488.9,620507385.7,813260468.9,924940012.9,972241682.1,1107571459.0,1649621735.0,1959620653.0,1852334581.0,1824751460.0,2046817975.0,1913081206.0,2028910915.0,2041930125.0,1749857628.0,1849789993.0,1996741545.0,2205099509.0,2266752197.0,1878277311.0,2091741774.0
Costa Rica,15013629659.0,15976174337.0,16578820687.0,17271760507.0,18610594846.0,20040642477.0,22715540324.0,26884700345.0,30801744881.0,30745714327.0,37658614803.0,42762613706.0,47231655433.0,50949668886.0,52016408924.0,56441920824.0,58847019585.0,60516044623.0,62420164965.0,64417670556.0,62395610764.0,64616482168.0
Caribbean small states,34533836400.0,35575792426.0,37324429142.0,39887632895.0,43625669538.0,49307227387.0,56074290119.0,62328938789.0,70781391356.0,59840574174.0,64939019150.0,70074558334.0,73844945661.0,75227025826.0,76921753856.0,75480329447.0,70977854237.0,73482494257.0,76247249561.0,77282796216.0,65994922945.0,75672802627.0
Cuba,30565400000.0,31682400000.0,33590500000.0,35901200000.0,38203000000.0,42643836100.0,48835925926.0,54262870370.0,56302129630.0,57481481481.0,59562962963.0,68990000000.0,73141000000.0,77148000000.0,80656000000.0,87133000000.0,91370000000.0,96851000000.0,100050000000.0,103428000000.0,107352000000.0,
Curacao,,,,,,,,,,,,2933128492.0,3024525140.0,3039944134.0,3048435754.0,3042737430.0,3014748603.0,3009497207.0,3020388827.0,2995185475.0,2496174749.0,2699612458.0
Cayman Islands,,,,,,,4200288282.0,4466278031.0,4585948969.0,4281714618.0,4156841164.0,4186073160.0,4291004486.0,4405796081.0,4562853582.0,4708167255.0,4909322200.0,5166281293.0,5530178499.0,5941896600.0,5647224973.0,6028373541.0
Cyprus,9985844486.0,10397897086.0,11420227885.0,14547325028.0,17320552500.0,18433411267.0,20072786351.0,23968764030.0,27844698989.0,25945391775.0,25799940416.0,27641551809.0,25047433100.0,23959708956.0,23225912183.0,19909269065.0,21046452117.0,22946583376.0,25597301191.0,25945194240.0,25008266159.0,28408064462.0
Czechia,61823494487.0,67808695574.0,82196206090.0,100090467581.0,119814667458.0,137143375920.0,156264210926.0,190184113270.0,236816948160.0,207434296805.0,209069940963.0,229562733399.0,208857719321.0,211685616593.0,209358834156.0,188033050460.0,196272068576.0,218628940952.0,249000540729.0,252548179965.0,245974558654.0,281791218507.0
Germany,1947981991012.0,1945790973803.0,2078484517475.0,2501640388482.0,2814353869359.0,2846864211175.0,2994703642024.0,3425578382922.0,3745264093617.0,3411261212652.0,3399667820000.0,3749314991051.0,3527143188785.0,3733804649549.0,3889093051023.0,3357585719352.0,3469853463946.0,3690849152518.0,3974443355020.0,3888226035921.0,3889668895300.0,4259934911822.0
Djibouti,551230861.9,572417440.8,591122039.6,622044665.5,666072101.8,708633194.7,768873684.0,847918929.1,999105339.3,1049110685.0,1128611700.0,1239144502.0,1353632942.0,2042817163.0,2214679081.0,2424391785.0,2604955229.0,2762581334.0,2913466732.0,3088853639.0,3181071154.0,3372287462.0
Dominica,333470370.4,340203703.7,333196296.3,343311111.1,367200000.0,364255555.6,390251851.9,421374074.1,458188888.9,489074074.1,493825925.9,501025925.9,485996296.3,498296296.3,520207407.4,540737037.0,576229629.6,521551851.9,554770370.4,611537037.0,504214814.8,555266666.7
Denmark,164157842127.0,164791096044.0,178634843166.0,218096916362.0,251374821136.0,264466895451.0,282885978374.0,319423375611.0,353358901702.0,321243301145.0,321995279402.0,344003137611.0,327148943812.0,343584391648.0,352993631618.0,302673070847.0,313115929314.0,332121063806.0,356841216410.0,346498737962.0,355222449505.0,398303272764.0
Dominican Republic,24305781112.0,25601824419.0,27137441266.0,21403168128.0,22322387610.0,35777560475.0,37879829855.0,43965459071.0,48122601590.0,48261079524.0,53860187452.0,58029773802.0,60681535894.0,62682158700.0,67179956265.0,71164826720.0,75704647977.0,79998045976.0,85555390386.0,88941371980.0,78844655833.0,94243426487.0
Algeria,54790398813.0,54744698044.0,56760355865.0,67863850334.0,85332581189.0,103198211973.0,117027280692.0,134977082624.0,171000699877.0,137211004291.0,161207306305.0,200013097903.0,209059081828.0,209755003251.0,213809980721.0,165979224317.0,160034212613.0,170096989043.0,174910891124.0,171760290068.0,145743722826.0,163472233246.0
East Asia & Pacific (excluding high income),1734224222957.0,1847017054394.0,2043852782637.0,2311295448247.0,2681922543396.0,3106483464947.0,3740321729011.0,4727369211703.0,5978428072955.0,6483977394715.0,7888957749541.0,9645008222753.0,10758481557852.0,11870565646661.0,12798136833358.0,13326936591373.0,13611836958159.0,14876744560574.0,16639892731999.0,17207134431206.0,17487420266794.0,20837352063118.0
Early-demographic dividend,3386374511010.0,3357006119629.0,3264336980104.0,3633102752694.0,4229767093662.0,4931859588770.0,5639663592982.0,6671943375191.0,7524219026102.0,7262366408336.0,8804986202943.0,9724222961682.0,10162396987594.0,10305214092090.0,10661877094591.0,10147533368061.0,10480129806000.0,11335422969864.0,11465084494130.0,11696252034573.0,10909268111328.0,12674194364882.0
East Asia & Pacific,8374967389222.0,7788979324781.0,7911872939399.0,8699256032059.0,9756921956174.0,10409529158922.0,11031655622225.0,12325978560533.0,14210859901527.0,14623038565207.0,17066365173220.0,19790735702384.0,21172217151488.0,21410751038294.0,22086203629928.0,21997190975439.0,22772302203841.0,24324925891393.0,26485229927652.0,27023995393949.0,27144860679484.0,31095572987691.0
Europe & Central Asia (excluding high income),662865829214.0,655068103161.0,750707698400.0,947224168366.0,1256021604554.0,1589623215079.0,1950105723611.0,2509469361145.0,3110393199188.0,2437810986693.0,2953116796718.0,3670089875344.0,3914684841121.0,4150272500478.0,3845774153167.0,2921688285552.0,2777867803806.0,3118424956385.0,3182909933138.0,3248044237781.0,2990896567052.0,3581677715820.0
Europe & Central Asia,10066421859249.0,10167228168695.0,11134372565307.0,13536888371228.0,15777100065927.0,16782544224445.0,18169184200684.0,21230055608753.0,23365417649315.0,20549545129766.0,21022097952360.0,23307862167329.0,22452882595862.0,23456119535713.0,23783762693463.0,20487299241755.0,20419509740630.0,21655200512836.0,23193777815580.0,22910270792581.0,22150021659550.0,25153884144576.0
Ecuador,18327764882.0,24468324000.0,28548945000.0,32432858000.0,36591661000.0,41507085000.0,46802044000.0,51007777000.0,61762635000.0,62519686000.0,69555367000.0,79276664000.0,87924544000.0,95129659000.0,101726331000.0,99290381000.0,99937696000.0,104295862000.0,107562008000.0,108108009000.0,99291124000.0,106165866000.0
"Egypt, Arab Rep.",99838543960.0,96684636119.0,85146067416.0,80288461538.0,78782467532.0,89600665557.0,107426086957.0,130437828371.0,162818181818.0,189147005445.0,218983666062.0,235989672978.0,279116666667.0,288434108527.0,305595408895.0,329366576819.0,332441717791.0,248362771739.0,262588632527.0,318678815490.0,383817841547.0,424671765456.0
Euro area,6495755148669.0,6596586819720.0,7200156656955.0,8862330817568.0,10160398631609.0,10523525439927.0,11184044960382.0,12879111960144.0,14158257793140.0,12938506838995.0,12641745700259.0,13637891491639.0,12638777298889.0,13196293606326.0,13510069962194.0,11675505777209.0,11973696253893.0,12679719055233.0,13698192927475.0,13418360523882.0,13086148411425.0,14570891691512.0
Eritrea,706370815.6,752371683.2,729321671.4,870248293.7,1109054005.0,1098424709.0,1211161880.0,1317974491.0,1380188800.0,1856695551.0,1589515447.0,2065001626.0,,,,,,,,,,
Spain,598363313495.0,627830029412.0,708756677089.0,907491523174.0,1069055675274.0,1153715822718.0,1260398977832.0,1474002579820.0,1631863493552.0,1491472923707.0,1422108199783.0,1480710495710.0,1324750738725.0,1355579535913.0,1371820537889.0,1196156971280.0,1233554967012.0,1313245330198.0,1421702715218.0,1394320055129.0,1276962685648.0,1427380681295.0
Estonia,5686579748.0,6254649539.0,7367975888.0,9874013098.0,12145911801.0,14106790200.0,17022870405.0,22449129483.0,24341678629.0,19633031398.0,19523477326.0,23213994093.0,23019150071.0,25115753366.0,26634083965.0,22890762090.0,24072829277.0,26924385103.0,30624720196.0,31081901909.0,31370395573.0,37191166152.0
Ethiopia,8242349955.0,8231326016.0,7850809498.0,8623691300.0,10131187261.0,12401139454.0,15280861835.0,19707616773.0,27066912635.0,32437389116.0,29933790334.0,31952763089.0,43310721414.0,47648276190.0,55612228234.0,64589329345.0,74296745599.0,81770886909.0,84269196152.0,95912607970.0,107657734392.0,111261882913.0
European Union,7276637983681.0,7393878987405.0,8083741282668.0,9932175155886.0,11418921613749.0,11910059838304.0,12712564874685.0,14727376164776.0,16295205228567.0,14762588819490.0,14555972617838.0,15764817006877.0,14641967048097.0,15294848407438.0,15650588620202.0,13553055207692.0,13889039447070.0,14764668937681.0,15979881686056.0,15692624900173.0,15370461303996.0,17187869517146.0
Fragile and conflict affected situations,525779770491.0,524681289001.0,514970518034.0,539908403990.0,680984145585.0,855994138374.0,1060372941416.0,1291298791468.0,1635897220166.0,1511996903435.0,1789072058276.0,1682542841743.0,1885587511076.0,1957252462302.0,2076522998831.0,1658615485489.0,1554854673356.0,1645002526594.0,1729702731010.0,1825819675084.0,1662433181852.0,1782737506680.0
Finland,126019543413.0,129533107312.0,140404460203.0,171652458349.0,197479443979.0,204885494686.0,217089269792.0,256378067752.0,285716311137.0,253497520829.0,249424310817.0,275604356167.0,258290060228.0,271362405891.0,274862826772.0,234534382385.0,240771351299.0,255647979916.0,275708001768.0,268514916973.0,271886077382.0,296387625264.0
Fiji,1678219508.0,1652462063.0,1833279985.0,2300492002.0,2708078477.0,2980403465.0,3076305453.0,3378314600.0,3523185920.0,2870624636.0,3140167239.0,3779412255.0,3972028510.0,4189968870.0,4857103847.0,4682480304.0,4930213788.0,5353468388.0,5581425891.0,5481692622.0,4477030180.0,4296235428.0
France,1365639660792.0,1377657339291.0,1501409382971.0,1844544792037.0,2119633181634.0,2196945232436.0,2320536221305.0,2660591246212.0,2930303780828.0,2700887366932.0,2645187882117.0,2865157541994.0,2683671716967.0,2811876903329.0,2855964488590.0,2439188643163.0,2472964344587.0,2595151045198.0,2790956878747.0,2728870246706.0,2639008701648.0,2957879759264.0
Faroe Islands,1067109509.0,1160268142.0,1275093662.0,1501941505.0,1724770867.0,1759739599.0,2017680722.0,2339015385.0,2489873331.0,2296065313.0,2331796784.0,2505740886.0,2427200583.0,2690110671.0,2914012852.0,2573906036.0,2813278761.0,2980057168.0,3188601035.0,3275684065.0,3248670978.0,3649878680.0
"Micronesia, Fed. Sts.",233271800.0,240970900.0,242517200.0,245432900.0,240236000.0,250281900.0,253541900.0,256787200.0,263145100.0,280284600.0,296944100.0,311301600.0,327248700.0,317214400.0,319271200.0,316489900.0,332265200.0,366666800.0,401932300.0,412000000.0,408000000.0,404028900.0
Gabon,5080483628.0,5023265411.0,5335451104.0,6511903364.0,7770219004.0,9582783997.0,10327598309.0,12455409575.0,15571348329.0,12113699059.0,14372593014.0,18210307754.0,17170464001.0,17595744804.0,18203966900.0,14383107763.0,14023890264.0,14929487496.0,16867326390.0,16874405460.0,15314577168.0,20217946921.0
United Kingdom,1666048767080.0,1648765214387.0,1785781372554.0,2056704586737.0,2423047347028.0,2544813166101.0,2709978165671.0,3092996468387.0,2931683721187.0,2417565709974.0,2491397494468.0,2666403005061.0,2706340967031.0,2786315215250.0,3065223279584.0,2934857946213.0,2699659680997.0,2683488510504.0,2878152147316.0,2857057847953.0,2704609160088.0,3122480345925.0
Georgia,3057475335.0,3219462780.0,3395766678.0,3991377904.0,5125365192.0,6410912050.0,7745249284.0,10172933118.0,12795147992.0,10766919442.0,12243219360.0,15107482383.0,16488819133.0,17190068236.0,17627336228.0,14953675993.0,15141598623.0,16242647230.0,17596922470.0,17470436259.0,15842922533.0,18629365612.0
Ghana,4982849054.0,5314871684.0,6166197192.0,7632720680.0,8881419348.0,10744562615.0,20885042153.0,24827333947.0,28679383241.0,26048726186.0,32197648061.0,39336668081.0,41271708600.0,62824629066.0,54783320577.0,49406014245.0,56164933479.0,60405920071.0,67298913752.0,68337974419.0,70043095503.0,79156409410.0
Gibraltar,,,,,,,,,,,,,,,,,,,,,,
Guinea,2995361112.0,2829435908.0,2950198724.0,3446441785.0,3635458214.0,2937071740.0,4220019243.0,6281917650.0,6964179188.0,6716904516.0,6853467833.0,6785137215.0,7638045226.0,8376613880.0,8778473643.0,8794202395.0,8595955601.0,10324668271.0,11857030366.0,13442861497.0,14177835841.0,16091817842.0
"Gambia, The",782913866.0,687410630.5,578235309.3,487038679.4,961900640.7,1027701056.0,1054112488.0,1279703030.0,1561766956.0,1450142497.0,1543294945.0,1409693594.0,1415004743.0,1375609460.0,1229461732.0,1378176606.0,1484578897.0,1504909448.0,1670671340.0,1813609679.0,1812170878.0,2038414974.0
Guinea-Bissau,371095522.0,392621389.5,417806651.1,477458577.2,532062894.8,587029096.0,592365659.8,696910784.0,868154627.9,830126428.8,849878489.1,1099818592.0,989271155.1,1046087367.0,1054915581.0,1048229633.0,1179004911.0,1350177012.0,1504630234.0,1439638411.0,1431758232.0,1638517607.0
Equatorial Guinea,1045998496.0,1461139022.0,1806742742.0,2484745935.0,4410764339.0,8217369093.0,10086528699.0,13071718759.0,19749893536.0,15027795173.0,16314443429.0,21357343682.0,22388344124.0,21948834290.0,21765453087.0,13185496881.0,11240808847.0,12200913888.0,13097012124.0,11364133546.0,10099157996.0,12269393392.0
Greece,130457756628.0,136309295225.0,154564203587.0,202370140236.0,240963562236.0,247875422204.0,273546728473.0,318902829551.0,355908689477.0,331308500253.0,297124961972.0,282995942007.0,242029307133.0,238907690051.0,235458133125.0,195683527003.0,193148146587.0,199844406014.0,212049447242.0,205257014892.0,188925995937.0,214873879834.0
Grenada,520044370.4,520444185.2,540336925.9,591018407.4,599118592.6,695555555.6,698700666.7,758683592.6,825976037.0,771275555.6,771014814.8,778655555.6,799881481.5,842618518.5,911496296.3,997007407.4,1061640741.0,1125685185.0,1166514815.0,1213485185.0,1043411111.0,1122800000.0
Greenland,1068024994.0,1086170639.0,1169136691.0,1558759744.0,1822499871.0,1849802648.0,2013106817.0,2249811365.0,2499092396.0,2529964061.0,2503167187.0,2684461608.0,2609678695.0,2684947140.0,2842065877.0,2499113085.0,2707146783.0,2851610656.0,3055791341.0,2997331094.0,3082909158.0,3235816195.0
Guatemala,19288928616.0,18405221418.0,20444205991.0,21576351799.0,23577298589.0,26783388709.0,29744247479.0,33567850095.0,38503718527.0,37126146369.0,40676579265.0,46876004265.0,49593926849.0,52996447956.0,57852150565.0,62186064719.0,66053402745.0,71653756504.0,73328369926.0,77172313916.0,77715183063.0,86053079767.0
Guam,,,3394000000.0,3569000000.0,3869000000.0,4213000000.0,4238000000.0,4397000000.0,4658000000.0,4828000000.0,4949000000.0,4984000000.0,5265000000.0,5399000000.0,5610000000.0,5799000000.0,5901000000.0,6013000000.0,6056000000.0,6366000000.0,5886000000.0,6123000000.0
Guyana,712667896.7,712167448.9,726131434.7,743063949.0,787814379.2,824880550.3,2379817987.0,2730971600.0,3025187428.0,3165663153.0,3432912511.0,3691384318.0,4063088529.0,4167800936.0,4127660158.0,4279840194.0,4482697337.0,4748174334.0,4787637006.0,5173760192.0,5471256595.0,8044498801.0
High income,27764050359632.0,27489066409394.0,28660868665486.0,32125480719417.0,35771600781059.0,37831114602374.0,39962463041149.0,43756102613972.0,46623911291791.0,43669352938355.0,45759844719262.0,49412507535115.0,49446148147436.0,50054025962687.0,51134057169125.0,48273634988452.0,49306277527564.0,51570870016900.0,54839704976037.0,55315474922573.0,53937976780898.0,60016712305060.0
"Hong Kong SAR, China",171668898539.0,169404327617.0,166348873241.0,161385558802.0,169099768875.0,181569303960.0,193535434591.0,211596953545.0,219278739753.0,214047795659.0,228638678537.0,248513617677.0,262628877166.0,275696879835.0,291459983450.0,309385622601.0,320860317563.0,341273289534.0,361731070996.0,363074560517.0,344943149590.0,368911387845.0
Honduras,7186638029.0,7651162302.0,7858255253.0,8230391505.0,8869299234.0,9757012869.0,10917476874.0,12361257681.0,13881731631.0,14587496229.0,15839344592.0,17710275997.0,18528554861.0,18499729063.0,19756533658.0,20979791685.0,21717604581.0,23136248046.0,24067750466.0,25089937109.0,23827859695.0,28488721296.0
Heavily indebted poor countries (HIPC),177567717258.0,172626762132.0,186798471426.0,211521311898.0,243387232295.0,279221096804.0,329711051194.0,394093813152.0,469266243001.0,474595462541.0,524405539450.0,588453270331.0,609295540297.0,677647202699.0,719693866273.0,698814203077.0,731974952060.0,809850137940.0,771241850303.0,799160667508.0,808664234946.0,898771753068.0
Croatia,22128719418.0,23063323723.0,26757255952.0,35254833028.0,41855265955.0,45025328214.0,49532592593.0,59172904661.0,68342061762.0,61941466003.0,58693611581.0,62599775593.0,57231455635.0,59363124069.0,59214461630.0,50742086223.0,52391038979.0,55937483558.0,61330483610.0,61329267533.0,57624938982.0,68843674641.0
Haiti,6813565983.0,6331970413.0,6205847137.0,5071947798.0,6087360735.0,7030149791.0,7638739124.0,9228637766.0,10432962725.0,11597002930.0,11859312627.0,13008746039.0,13708925403.0,14902488489.0,15146883647.0,14849629408.0,14069277532.0,15093357143.0,16403864521.0,15016090930.0,14508222518.0,20877414952.0
Hungary,47218411470.0,53749989092.0,67608919144.0,85285075492.0,104120803140.0,113211158293.0,115715618613.0,140186691234.0,158325583918.0,131069277213.0,132175349954.0,141942264554.0,128814279315.0,135684315698.0,141033843266.0,125174166987.0,128609822750.0,143112196040.0,160565642984.0,164020460332.0,157227094449.0,182275444032.0
IBRD only,5839436714265.0,5911673645506.0,6001266668417.0,6747932625643.0,8043519579051.0,9615796081224.0,11403941454979.0,14166070736984.0,17000231113774.0,16487865779438.0,20048166862477.0,23739490220163.0,25231185297161.0,26621251796119.0,27519521640518.0,25774291128877.0,25972093023069.0,28689022224808.0,30520147708890.0,31181885466267.0,30036645646514.0,35615582809273.0
IDA & IBRD total,6392236773485.0,6467058819404.0,6597179645797.0,7411818808331.0,8822574687642.0,10526961170664.0,12493276098307.0,15440043749348.0,18521254921506.0,18003100309251.0,21798451915412.0,25521665780816.0,27106356951918.0,28659297586381.0,29716965776743.0,27922343491137.0,28162575334752.0,30978325716193.0,32893629417408.0,33639428774236.0,32450856363673.0,38246179203967.0
IDA total,553224994017.0,555728370770.0,596913956894.0,664923940274.0,780117195842.0,912147805681.0,1090624298175.0,1274448228708.0,1521482725374.0,1515763269137.0,1750735521058.0,1782101859064.0,1875053620990.0,2038045790262.0,2197444136225.0,2146720272495.0,2188895718882.0,2288777969587.0,2373505833479.0,2457261018777.0,2413496959521.0,2630947161901.0
IDA blend,206736962647.0,206419302737.0,227772326360.0,256311555309.0,311522373744.0,372742440249.0,469295440463.0,541264522565.0,640036074397.0,606965502108.0,715590112083.0,823906283239.0,909186219114.0,989607127322.0,1076979908548.0,1017844957897.0,977321951411.0,960023974850.0,1048863296887.0,1069700472075.0,1002567723026.0,1096038565477.0
Indonesia,165021012078.0,160446947785.0,195660611165.0,234772463824.0,256836875295.0,285868619206.0,364570515632.0,432216737775.0,510228634992.0,539580085612.0,755094157594.0,892969104529.0,917869913365.0,912524136718.0,890814755511.0,860854232718.0,931877364034.0,1015618744168.0,1042271532953.0,1119099871386.0,1059054842712.0,1186505455721.0
IDA only,347408785785.0,350282700043.0,369953470614.0,409445511985.0,469274900285.0,539966731327.0,621350084131.0,733404724666.0,881879617321.0,909363560234.0,1035735186762.0,958377202447.0,965873002611.0,1048438662941.0,1120464227677.0,1128875314597.0,1211573767472.0,1328753994737.0,1324642536592.0,1387560546702.0,1410929236495.0,1534883548262.0
Isle of Man,1563667800.0,1659131244.0,1947332922.0,2328658228.0,2822358473.0,3032409189.0,3422735302.0,4466353635.0,5928788781.0,5486918995.0,5920366628.0,6565668781.0,6690228489.0,7001180246.0,7708459145.0,7084795708.0,6846373277.0,6979791187.0,7491654051.0,7314966839.0,6684229269.0,
India,468394937262.0,485441014539.0,514937948870.0,607699285434.0,709148514805.0,820381595513.0,940259888792.0,1216736448906.0,1198895147695.0,1341888016989.0,1675615502766.0,1823051829895.0,1827637579585.0,1856721494835.0,2039126469963.0,2103588347242.0,2294796889945.0,2651474263257.0,2702929639862.0,2835606242052.0,2671595389576.0,3150306834280.0
Not classified,,,,,,,,,,,,,,,,,,,,,,
Ireland,100207610430.0,109346669230.0,128596035288.0,164670771260.0,194372115041.0,211876989656.0,232180617162.0,270079279420.0,275447471451.0,236443115854.0,221913560882.0,239003132208.0,225628699653.0,238340859897.0,259170903648.0,291775166507.0,299091127525.0,336377500161.0,385736680797.0,399321701632.0,425852281928.0,504182603276.0
"Iran, Islamic Rep.",109591707802.0,126878750296.0,128626917504.0,153544751395.0,190043433965.0,226452138292.0,266298911661.0,349881601459.0,412336172447.0,416397025729.0,486807616897.0,626133112211.0,644035512199.0,492775566435.0,460382791489.0,408212917872.0,457954614595.0,486630147095.0,327900695066.0,283649531543.0,239735486746.0,359096907773.0
Iraq,48364250944.0,36176430129.0,32928454672.0,21921569479.0,36627901762.0,49954890353.0,65140147197.0,88837055195.0,131614433712.0,111657581662.0,138516722650.0,185749664444.0,218002481738.0,234637675129.0,228415656175.0,166774104911.0,166602488748.0,187217660051.0,227367469034.0,233636097800.0,180924091443.0,207691599310.0
Iceland,9025660362.0,8234846523.0,9318398444.0,11429335645.0,13825309101.0,16852971987.0,17465318552.0,21652505597.0,18074619562.0,13154416197.0,13751161918.0,15221622926.0,14751508134.0,16125060515.0,17867662178.0,17517210519.0,20793168031.0,24728285177.0,26260850582.0,24663643102.0,21553080484.0,25552639899.0
Israel,136034659581.0,134637422753.0,125059962958.0,131298954869.0,139973668874.0,147083996034.0,158670160184.0,184052885586.0,220529762562.0,211968128528.0,238364092298.0,266791854431.0,262282344092.0,297732778479.0,314330061977.0,303414276832.0,322102790387.0,358245427459.0,376691526553.0,402470513619.0,413267669232.0,488526545879.0
Italy,1146676894210.0,1168023426056.0,1276769338449.0,1577621707051.0,1806542968546.0,1858217147204.0,1949551719390.0,2213102482751.0,2408655348719.0,2199928804119.0,2136099955237.0,2294994296590.0,2086957656822.0,2141924094299.0,2162009615997.0,1836637711061.0,1877071687634.0,1961796197354.0,2091932426267.0,2011302198827.0,1897210466668.0,2114355756914.0
Jamaica,9005064475.0,9194727831.0,9719009562.0,9430234852.0,10174664854.0,11243865788.0,11930179173.0,12799600075.0,13709401444.0,12120458141.0,13220549858.0,14444661488.0,14807086491.0,14264205124.0,13899225340.0,14188938781.0,14077105503.0,14808984881.0,15730791526.0,15830766372.0,13812421859.0,14657586359.0
Jordan,8460789845.0,8975812449.0,9582512831.0,10195627645.0,11411706629.0,12588998590.0,15056981664.0,17110442867.0,22658730357.0,24537876056.0,27133804225.0,29524149155.0,31634561690.0,34454440141.0,36847643521.0,38587017887.0,39892551127.0,41608435915.0,43370860704.0,44503005775.0,43579916197.0,45116317042.0
Japan,4968359152796.0,4374709984220.0,4182845406489.0,4519563042184.0,4893116005657.0,4831466523976.0,4601662661030.0,4579749785985.0,5106679413138.0,5289493734900.0,5759071769013.0,6233147172341.0,6272362996105.0,5212328181166.0,4896994405353.0,4444930651964.0,5003677627544.0,4930837369151.0,5040880939325.0,5117993853017.0,5048789595589.0,5005536736792.0
Kazakhstan,18291990619.0,22152689130.0,24636598581.0,30833692831.0,43151647003.0,57123671734.0,81003864916.0,104849915344.0,133441649222.0,115308687202.0,148047348241.0,192626464179.0,207998568866.0,236634603928.0,221415614007.0,184388404429.0,137278320084.0,166805788967.0,179339977517.0,181667185041.0,171082365723.0,197112255361.0
Kenya,12705350153.0,12986007426.0,13147736954.0,14904517650.0,16095337094.0,18737895401.0,25825512278.0,31958195182.0,35895153328.0,42347217913.0,45405615233.0,46869473166.0,56396704833.0,61671440481.0,68285796663.0,70120446664.0,74815143796.0,82036511259.0,92202979941.0,100378435824.0,100657505601.0,109703659313.0
Kyrgyz Republic,1369688498.0,1525116370.0,1605643105.0,1919008090.0,2211534585.0,2460246796.0,2834168893.0,3802570572.0,5139958956.0,4690061344.0,4794361821.0,6197765942.0,6605142864.0,7335033799.0,7468102369.0,6678177483.0,6813095396.0,7702938395.0,8271106196.0,8871019823.0,7780873259.0,8740681889.0
Cambodia,3654031716.0,3984000517.0,4284028483.0,4658246918.0,5337833248.0,6293046162.0,7274595707.0,8639235913.0,10351914178.0,10401851767.0,11242275289.0,12829541141.0,14054443213.0,15227991395.0,16702610842.0,18049954289.0,20016747858.0,22177200589.0,24571753582.0,27089390033.0,25872797892.0,26961061152.0
Kiribati,67253134.61,63099885.31,72197928.62,90231027.78,102370615.2,112136227.8,110237144.5,132674795.9,141045173.6,132421058.9,155305532.9,180672664.8,189629948.8,184543103.7,177868153.1,170292283.2,178507958.1,188540699.1,196501504.2,175181684.8,177553260.1,227610034.8
St. Kitts and Nevis,421695769.8,458643829.0,481077373.7,469869869.9,506900000.0,547203703.7,644414814.8,689285185.2,777691333.3,774273111.1,778718518.5,836092592.6,825381481.5,874896296.3,953170370.4,957037037.0,1008100000.0,1058944444.0,1076922222.0,1107844444.0,884522222.2,860844444.4
"Korea, Rep.",576178114168.0,547658231280.0,627246081417.0,702717332013.0,793175007858.0,934901101762.0,1053216892422.0,1172614134912.0,1047339041904.0,943941876219.0,1144066965324.0,1253223044719.0,1278427634343.0,1370795199976.0,1484318219634.0,1465773245547.0,1500111596236.0,1623901496836.0,1724845615629.0,1651422932448.0,1644312785467.0,1810955871381.0
Kuwait,37718794714.0,34889597791.0,38135756834.0,47874659168.0,59439090601.0,80798630137.0,101557251977.0,114634060167.0,147379536212.0,105968538480.0,115416745329.0,154079870425.0,174048271288.0,174167626657.0,162650191195.0,114585567440.0,109406169163.0,120687635952.0,138202309919.0,136191752591.0,105948765156.0,136797422274.0
Latin America & Caribbean (excluding high income),1968111942216.0,1913381580565.0,1720013397495.0,1759192766237.0,2007862301447.0,2431628661932.0,2837320247593.0,3353094482459.0,3880462417140.0,3602278080285.0,4510085308198.0,5272190542589.0,5244059018781.0,5382355778791.0,5407158752447.0,4595236035714.0,4465515336167.0,4980919738936.0,4836605850789.0,4769077474514.0,4020603113236.0,4624162365921.0
Lao PDR,1731198022.0,1768619058.0,1758176653.0,2023324407.0,2366398120.0,2735558735.0,3455031448.0,4223152219.0,5446434032.0,5836138127.0,7131773633.0,8750107402.0,10192848926.0,11983252627.0,13279248479.0,14426381187.0,15912495369.0,17071162084.0,18141651381.0,18740559554.0,18981800705.0,18827148530.0
Lebanon,17260364842.0,17649751244.0,19152238806.0,20082918740.0,21159827992.0,21497336499.0,22022709852.0,24827355015.0,29118916106.0,35399582929.0,38443907042.0,39927125961.0,44016799516.0,46880103081.0,48095213746.0,49929337837.0,51147308774.0,53027680686.0,54901519156.0,51605959131.0,31712128254.0,23131941557.0
Liberia,874000000.0,906000000.0,927000000.0,748000000.0,897000000.0,949000000.0,1119000000.0,1373000000.0,1726000000.0,1768000000.0,1998000000.0,2398000000.0,2791614000.0,3177198100.0,3225652000.0,3227075700.0,3398419600.0,3390703400.0,3422754800.0,3319596500.0,3039982500.0,3509000000.0
Libya,38270983032.0,34112079629.0,20481889764.0,26265625000.0,33122307692.0,47334697612.0,60094248772.0,68032985520.0,86710739535.0,60808538330.0,75380800664.0,48169243832.0,92540964666.0,75351117628.0,57372352562.0,48717506273.0,49912085228.0,67157451660.0,76686048499.0,69254143968.0,46808208747.0,39798423941.0
St. Lucia,932592592.6,892592592.6,900000000.0,987407407.4,1066666667.0,1135555556.0,1268319185.0,1336088815.0,1437731111.0,1401507889.0,1482370370.0,1568370370.0,1598222222.0,1660222222.0,1749296296.0,1807222222.0,1865444444.0,1996703704.0,2057074074.0,2094185185.0,1516000000.0,1691259259.0
Latin America & Caribbean,2292616638222.0,2243442747464.0,2014495003953.0,2055791160221.0,2368190257952.0,2862846929425.0,3351829873357.0,3948805125190.0,4591296955065.0,4314362221814.0,5349060248474.0,6088730809329.0,6155024383504.0,6307751441600.0,6432625813025.0,5376540613254.0,5249746391044.0,5832610432359.0,5706087467774.0,5622813152783.0,4777568569260.0,5510523909433.0
Least developed countries: UN classification,218551115853.0,213552754872.0,232634513018.0,260880555874.0,301221296681.0,355554375621.0,412394708355.0,494316747341.0,603522585097.0,607850693730.0,690376684490.0,801926397362.0,841893938607.0,917315427880.0,985868650325.0,954995951520.0,990949126516.0,1104009004407.0,1088187940164.0,1142396570094.0,1162434896497.0,1266463101992.0
Low income,186507132817.0,186458183385.0,200866631978.0,219319364794.0,257456872753.0,308114007902.0,356075978933.0,427293203252.0,512642412198.0,526007753879.0,591637362905.0,430766376181.0,408599413747.0,416884104097.0,448530521691.0,449577756121.0,444439642488.0,491499092099.0,415816146816.0,442286990942.0,436035519309.0,467876851997.0
Liechtenstein,2483890594.0,2491800559.0,2688617885.0,3070803439.0,3454374270.0,3659320087.0,4000101033.0,4601430549.0,5081479840.0,4504376590.0,5082338965.0,5739705822.0,5456099685.0,6391711429.0,6657526636.0,6268513140.0,6237299538.0,6474310910.0,6692618411.0,6436467007.0,6405765970.0,7186428783.0
Sri Lanka,16330814180.0,15749753805.0,16536535647.0,18881765437.0,20662525941.0,24405791045.0,28279802451.0,32350238663.0,40713826321.0,42066223971.0,58636160849.0,67753284135.0,70447217164.0,77000578207.0,82528535573.0,85140955517.0,88012281910.0,94376237832.0,94493871351.0,89014978319.0,84440535699.0,88496535599.0
Lower middle income,1358443640079.0,1397363668384.0,1471118317179.0,1679995095259.0,1962071316277.0,2288548759445.0,2691387582865.0,3319083827275.0,3741331283478.0,3785725583243.0,4533254174587.0,5187185590946.0,5461792142965.0,5578818648329.0,5868162623219.0,5716557622625.0,5997917461749.0,6447085710235.0,6606760498755.0,6874526773448.0,6619062047764.0,7592013359835.0
Low & middle income,5957805404623.0,6012683195857.0,6164611646171.0,6945043770585.0,8241824349157.0,9810101604944.0,11639461030837.0,14370508850889.0,17192974516975.0,16816751222179.0,20465368009773.0,24151876656634.0,25698108062038.0,27210105126961.0,28140117982873.0,26681765753334.0,26916084709959.0,29590502584085.0,31364367229266.0,32110421084434.0,30983506895432.0,36537287030969.0
Lesotho,887291645.3,825706961.2,775777263.1,1157825409.0,1511236656.0,1682343439.0,1800092519.0,1682025303.0,1766820422.0,1740835820.0,2234731974.0,2579421686.0,2477702253.0,2367113170.0,2441063169.0,2359754088.0,2114426469.0,2306741599.0,2556247156.0,2436029588.0,2117736528.0,2373416269.0
Late-demographic dividend,3410160195631.0,3524971410363.0,3736762127352.0,4257884246629.0,5117207890045.0,6172838531833.0,7448570230980.0,9382521778909.0,11663323670463.0,11268891687538.0,13553728682871.0,16519537910748.0,17680702314004.0,19042110155027.0,19775313806693.0,18549854155934.0,18593432462845.0,20629823637317.0,22621357448474.0,23047283010404.0,22525940505681.0,26827496302511.0
Lithuania,11524776867.0,12237388002.0,14259781159.0,18781721376.0,22627507452.0,26097677572.0,30183575104.0,39697891352.0,47797551588.0,37388122046.0,37128694028.0,43535051482.0,42927454291.0,46523420074.0,48533659592.0,41435533340.0,43047309306.0,47758736932.0,53751411409.0,54760617013.0,56914826861.0,66414994992.0
Luxembourg,21230182989.0,21387533703.0,23649833332.0,29667268248.0,35064843793.0,37672280120.0,42910146296.0,51587401416.0,58844277702.0,54467289898.0,56213985987.0,61696281326.0,59776383527.0,65203276467.0,68804811898.0,60071584216.0,62216885436.0,65712180343.0,71000359760.0,69825641851.0,73992591285.0,85506243834.0
Latvia,7958852839.0,8362398702.0,9557031605.0,11771975157.0,14435700533.0,17003459863.0,21570076499.0,31054350978.0,35854274229.0,26410909091.0,23956163077.0,27474380566.0,28169902669.0,30204783462.0,31386896487.0,27263090547.0,28083597512.0,30483806018.0,34429023435.0,34343961073.0,34601740323.0,39725383601.0
"Macao SAR, China",6774193548.0,6860272608.0,7371692469.0,8246479395.0,10643253443.0,12160056755.0,14874098382.0,18439981804.0,21027018551.0,21587786005.0,28241799668.0,36845887225.0,43189724080.0,51536592939.0,54902831794.0,45048188248.0,45070807280.0,50440935654.0,55284309690.0,55204961000.0,25459685020.0,30123795337.0
St. Martin (French part),,,,,,,,,,,,775875858.0,,,772921756.3,,,,,,,
Morocco,43017455401.0,43831480206.0,47077192184.0,58029361339.0,66114147932.0,68852655480.0,75883820424.0,86947909745.0,101822906946.0,101154952243.0,100865325482.0,110080631330.0,106937397478.0,115739288447.0,119130845829.0,110413820681.0,111572946647.0,118540574728.0,127341141871.0,128920265076.0,121347533650.0,142866583125.0
Monaco,2654476597.0,2673738413.0,2919691961.0,3597052153.0,4117728151.0,4204651894.0,4586828062.0,5875376402.0,6502945305.0,5473265702.0,5367561640.0,6088690667.0,5742748406.0,6555590642.0,7069351224.0,6261646950.0,6472837333.0,6431274938.0,7194256778.0,7383941919.0,6739642360.0,8596156574.0
Moldova,1288429392.0,1480673594.0,1661818168.0,1980907435.0,2598249556.0,2988342907.0,3408255364.0,4401173162.0,6054824433.0,5439434059.0,6974982391.0,8414351672.0,8709138767.0,9496717701.0,9399833207.0,7798692878.0,7982450758.0,9519053158.0,11253727815.0,11735774634.0,11531967881.0,13692230147.0
Madagascar,4629247205.0,5438332601.0,5351701665.0,6372498891.0,5064732625.0,5859269752.0,6395712492.0,8524620891.0,10725137722.0,9616879408.0,9982711338.0,11551819618.0,11578975064.0,12423555457.0,12522957401.0,11323020700.0,11848613860.0,13176313594.0,13760033283.0,14104664678.0,13051441203.0,14554754115.0
Maldives,624337145.3,870031653.1,897031250.0,1052121055.0,1226829563.0,1163362438.0,1575200391.0,1868383461.0,2271646188.0,2345294875.0,2588176055.0,2774350163.0,2886163938.0,3295009231.0,3697353155.0,4109416450.0,4379134273.0,4754185599.0,5300949823.0,5609385434.0,3746329358.0,5405557162.0
Middle East & North Africa,1054434624566.0,1049626453935.0,1044708616047.0,1158767180290.0,1367527495933.0,1643484575867.0,1924931009374.0,2272332400471.0,2830408013082.0,2556999251659.0,2984420804909.0,3368261589779.0,3642052757122.0,3581785122622.0,3602485542648.0,3179422230864.0,3213372950118.0,3352271233734.0,3516514202417.0,3522808006382.0,3157878645368.0,3740992832406.0
Mexico,707909864022.0,756702925694.0,772109710671.0,729335024013.0,782242912348.0,877476892365.0,975383402913.0,1052697085016.0,1109987401386.0,900047015738.0,1057800597974.0,1180487226407.0,1201093787127.0,1274443916252.0,1315356131262.0,1171870072963.0,1078493059307.0,1158912015259.0,1222405556421.0,1269009571611.0,1090514966786.0,1272838810896.0
Marshall Islands,115347500.0,122824000.0,131738200.0,131398500.0,132934600.0,137666300.0,142745200.0,149870000.0,145969100.0,150624900.0,160318500.0,171567100.0,179855800.0,185468000.0,185172900.0,182997300.0,200716000.0,212701200.0,219330300.0,232092300.0,241722400.0,259538700.0
Middle income,5776761011406.0,5831560036562.0,5970192042162.0,6732418464358.0,7992081898930.0,9511305976468.0,11293666564845.0,13954903602793.0,16694431978835.0,16305847816595.0,19889521929418.0,23725461596066.0,25291481601347.0,26794468512319.0,27693615809487.0,26235141991924.0,26474239454560.0,29101978685394.0,30947243041065.0,31667498458543.0,30547251417512.0,36066152279427.0
North Macedonia,3772859053.0,3709636012.0,4018365768.0,4946296569.0,5682784433.0,6258602830.0,6861227018.0,8336475036.0,9909552356.0,9401736825.0,9407170389.0,10494626768.0,9745261301.0,10817702424.0,11362265294.0,10064519963.0,10672467073.0,11307067001.0,12683068033.0,12606338449.0,12363580535.0,13825049832.0
Mali,2961484954.0,3468337941.0,3908121310.0,4714071978.0,5454249123.0,6247515892.0,6905934219.0,8156468818.0,9838403091.0,10231962383.0,10689168011.0,12995112698.0,12442035328.0,13242690790.0,14364937128.0,13104764379.0,14026048334.0,15365713059.0,17070867578.0,17280250805.0,17465392779.0,19309463506.0
Malta,4323339212.0,4355146428.0,4693495693.0,5489359281.0,6116591928.0,6407287651.0,6778321415.0,7925403778.0,9090376446.0,8696304529.0,9035819657.0,9638733344.0,9461826174.0,10550968139.0,11625843214.0,11091467514.0,11667976403.0,13489296992.0,15298004130.0,15881258056.0,15046136935.0,17743376199.0
Myanmar,6849321646.0,6220270632.0,6110632858.0,7754647428.0,9390855298.0,10588433069.0,11863016315.0,15591182545.0,23013015832.0,29455165595.0,37796052939.0,54118601975.0,58318677645.0,60572257122.0,63264892768.0,63045306514.0,60291738935.0,61449391917.0,67144726168.0,68697761477.0,78930259069.0,65124769602.0
Middle East & North Africa (excluding high income),536175306892.0,542328469800.0,528297275875.0,577707880431.0,685783572799.0,808536284370.0,942305915003.0,1148311867090.0,1416250571755.0,1378596088772.0,1587780320761.0,1636401102296.0,1764808551707.0,1624047544310.0,1600856731725.0,1439069681066.0,1475844914342.0,1476907778480.0,1400046333583.0,1408624610717.0,1284929306042.0,1507013655175.0
Montenegro,984292969.9,1159869246.0,1284685051.0,1707710053.0,2073234418.0,2257174481.0,2721903149.0,3680711744.0,4545674528.0,4159330370.0,4142983898.0,4544429063.0,4087525609.0,4465771673.0,4593852089.0,4054728173.0,4376929572.0,4856602179.0,5506944403.0,5542053845.0,4769995512.0,5861430526.0
Mongolia,1136896124.0,1267997934.0,1396555720.0,1595297356.0,1992066808.0,2523471602.0,3414055663.0,4234999703.0,5623216610.0,4583850368.0,7189482001.0,10409797375.0,12292770631.0,12582122604.0,12226514666.0,11619892593.0,11181350649.0,11480847740.0,13178094720.0,14206359016.0,13312981427.0,15286441740.0
Northern Mariana Islands,,,1284000000.0,1239000000.0,1210000000.0,1061000000.0,990000000.0,938000000.0,939000000.0,795000000.0,799000000.0,729000000.0,746000000.0,772000000.0,832000000.0,910000000.0,1230000000.0,1560000000.0,1301000000.0,1181000000.0,858000000.0,
Mozambique,5656473652.0,5398557896.0,5677013629.0,6303399758.0,7631106171.0,8542083074.0,9176896597.0,10450826527.0,12556173243.0,11914471513.0,11104649065.0,14381552467.0,16350813487.0,16974314296.0,17716091057.0,15950979333.0,11936993087.0,13219079498.0,14845400593.0,15390031040.0,14156864916.0,15776757420.0
Mauritania,1779520862.0,1746063580.0,1777057503.0,2051147607.0,2362501023.0,2936019526.0,3919577286.0,4346212411.0,5206437121.0,4714595488.0,5628878866.0,6764627666.0,6728208836.0,7223071177.0,6592537782.0,6166863960.0,6398741856.0,6800138755.0,7473550557.0,8066118984.0,8405498736.0,9996240419.0
Mauritius,4663321022.0,4613637222.0,4841310240.0,5816559039.0,6578840499.0,6488743120.0,7028810755.0,8150150144.0,9990356849.0,9128843109.0,10003670690.0,11518413430.0,11668696526.0,12292974008.0,13074130094.0,12007291046.0,12594155346.0,13713505998.0,14735695931.0,14436347115.0,11401040996.0,11476433604.0
Malawi,2537307566.0,2498008653.0,5087328438.0,4669789300.0,5058726350.0,5320409651.0,5818279739.0,6451210219.0,7743617352.0,9009887947.0,10128323011.0,11648142958.0,8773203178.0,8031571928.0,8801326169.0,9219474373.0,7909868618.0,8943543677.0,9880675786.0,11025371147.0,12056108780.0,12602334124.0
Malaysia,93789736842.0,92783947368.0,100845526316.0,110202368421.0,124749473684.0,143534418452.0,162692260155.0,193549547955.0,230811591307.0,202257458161.0,255017645207.0,297951667650.0,314443061220.0,323276281683.0,338066121289.0,301354783699.0,301255332137.0,319109103242.0,358788833525.0,365177744321.0,337339463180.0,372981073018.0
North America,10999201631932.0,11324572986045.0,11693699517098.0,12356169212635.0,13248368139278.0,14217175927779.0,15140995757591.0,15949814312783.0,16329827601722.0,15859346076157.0,16672942337486.0,17399367444175.0,18088716899522.0,18696254170835.0,19362844040440.0,19769184098217.0,20230005494907.0,21133744509244.0,22265581227436.0,23132124767673.0,22714959162303.0,25323694505424.0
Namibia,3922231976.0,3557341284.0,3349169932.0,4926439275.0,6609206506.0,7248375217.0,8001779551.0,8839536894.0,8607431845.0,8938847364.0,11431412421.0,12523359441.0,13042053857.0,12043307277.0,12435430396.0,11335161230.0,10722018975.0,12895153160.0,13682019172.0,12541928103.0,10583748757.0,12446290855.0
New Caledonia,3420032042.0,3297734886.0,3740056752.0,4915353826.0,5895008985.0,6238629462.0,6979155408.0,8819917187.0,9067619729.0,8704438061.0,9364350065.0,10351448025.0,9659151909.0,10151382877.0,10635035550.0,8738203042.0,8724568971.0,9173670000.0,9896402295.0,9475655342.0,9454629451.0,10071349707.0
Niger,2241753193.0,2448714703.0,2782192881.0,3394084731.0,3760443735.0,4383315967.0,4756361253.0,5731485046.0,7297600219.0,7352131304.0,7851192499.0,8772950783.0,9426912639.0,10224897441.0,10862943546.0,9683867927.0,10398861981.0,11185101444.0,12808661487.0,12916454871.0,13744174582.0,14915002098.0
Nigeria,69448962761.0,74030562270.0,95054094655.0,104738980157.0,135764715375.0,175670536601.0,238454952232.0,278260808841.0,339476215684.0,295008767295.0,366990528103.0,414466540787.0,463971000389.0,520117163618.0,574183825592.0,493026782402.0,404649048648.0,375745732275.0,421739210176.0,474517470743.0,432198936002.0,440833583992.0
Nicaragua,5107329007.0,5323146566.0,5224213018.0,5322454926.0,5795568205.0,6321324455.0,6763418646.0,7423365275.0,8496948184.0,8298736471.0,8758619131.0,9774320144.0,10531980451.0,10982954744.0,11880433903.0,12756722238.0,13286066155.0,13785890939.0,13025266513.0,12699028890.0,12678162359.0,14145852101.0
Netherlands,417479337445.0,431586852370.0,473861980071.0,580070360702.0,658380081545.0,685348181516.0,733955269899.0,848558887541.0,951869997864.0,871518638049.0,847380859017.0,905270626333.0,838923319920.0,877172824535.0,892167986714.0,765572770634.0,784060430240.0,833869641687.0,914043438180.0,910194347569.0,909793466661.0,1011798853062.0
Norway,171456390282.0,174240242225.0,195915371988.0,229384929369.0,265267350723.0,309978579744.0,346913357588.0,402645550185.0,464917553191.0,387974344023.0,431052143940.0,501360549669.0,512777309841.0,526014468085.0,501736471833.0,388159512246.0,370956547619.0,401745275035.0,439788625884.0,408742840909.0,367633418887.0,490293364377.0
Nepal,5494252208.0,6007055042.0,6050875807.0,6330473097.0,7273938315.0,8130258415.0,9043715356.0,10325618017.0,12545438605.0,12854985464.0,16002656434.0,21573872274.0,21703100747.0,22162205046.0,22731612827.0,24360801338.0,24524109485.0,28971588881.0,33111525183.0,34186180695.0,33433659223.0,36924841430.0
Nauru,,,,,,,,,,,47562842.37,65071849.58,101055718.6,94384979.01,99149259.84,84863407.87,97541914.58,109355653.7,130995580.1,125160081.8,124685686.6,145536603.2
New Zealand,52622954599.0,53872463497.0,66627729311.0,88250885550.0,103905628689.0,114720129550.0,111538810713.0,137188946866.0,133131369930.0,121373602349.0,146517541181.0,168291357112.0,176206659723.0,190906575136.0,201313497221.0,178064471138.0,188838342528.0,206556258845.0,211886686924.0,213091987153.0,212569779570.0,255551704626.0
OECD members,27635544739435.0,27374583037447.0,28563009910367.0,31951205451316.0,35572822806798.0,37609340450463.0,39674408824857.0,43436115388658.0,46122698414754.0,43144826371456.0,45255639867939.0,48674651671113.0,48622412695260.0,49270437358353.0,50278943454196.0,47411160772825.0,48327404425594.0,50447226919269.0,53371534234287.0,53878159069137.0,52536127270672.0,58363931312919.0
Oman,19507452536.0,19452000520.0,20142756047.0,21633708192.0,24763712874.0,31081991678.0,37215779714.0,42085379454.0,60905452536.0,48388363589.0,64993498049.0,77497529259.0,87408842653.0,89936020806.0,92699089727.0,78710793238.0,75128738622.0,80856697009.0,91505851756.0,88060858257.0,75909397659.0,88191977373.0
Other small states,91702715004.0,91249698436.0,98381529623.0,122230903917.0,151646041506.0,183677137344.0,215631597860.0,263863420305.0,322995519907.0,277194805060.0,322561398957.0,396974173386.0,413999903828.0,432056568013.0,446620927908.0,370450170725.0,366511615959.0,399126295563.0,443078577997.0,434119014495.0,378201169802.0,455685066365.0
Pakistan,82017743416.0,79484403985.0,79904985385.0,91760542940.0,107759683863.0,120055291993.0,137264061106.0,152385716312.0,170077814106.0,168152775283.0,177165547829.0,213587517188.0,224383544087.0,231218467670.0,244360858683.0,270556104886.0,313629998960.0,339205536454.0,356128167703.0,320909472926.0,300425609206.0,348262544719.0
Panama,12304115000.0,12502013400.0,12994310400.0,13693981200.0,15013381700.0,16374393900.0,18141666300.0,21295984200.0,25155888600.0,27116635600.0,29440287600.0,34686224300.0,40429700000.0,45599900000.0,49921400000.0,54091800000.0,57907700000.0,62202700000.0,67294169235.0,69721787533.0,57086836942.0,67406738052.0
Peru,51744749133.0,52030158775.0,54777553515.0,58731030122.0,66768703498.0,76060606061.0,88643193062.0,102170981144.0,120550599815.0,120822986521.0,147527631521.0,171761737047.0,192649991136.0,201175541637.0,200786240837.0,189802961890.0,191898127861.0,211007952316.0,222597030191.0,228325852221.0,201947603715.0,223717791483.0
Philippines,83669788255.0,78921234458.0,84307346432.0,87039092439.0,95002000250.0,107419977968.0,127652927612.0,155980408073.0,181624627928.0,175974754208.0,208368892319.0,234216730704.0,261920542607.0,283902829721.0,297483553300.0,306445871632.0,318627003966.0,328480738147.0,346841896890.0,376823404773.0,361751145432.0,394087362017.0
Palau,146297500.0,156907900.0,163184900.0,153963200.0,165186200.0,190452900.0,192382400.0,198897700.0,198283900.0,187522800.0,185943000.0,196911100.0,212397800.0,221117200.0,241669800.0,280457700.0,298300000.0,285600000.0,284900000.0,278900000.0,251900000.0,217800000.0
Papua New Guinea,3521339699.0,3081024212.0,2999511040.0,3536411824.0,3927157867.0,4865892972.0,8354911622.0,9545029481.0,11670891360.0,11619455043.0,14250785801.0,17985138450.0,21295165201.0,21261338065.0,23210823987.0,21723439626.0,20758874953.0,22742696408.0,24109780113.0,24751069238.0,23848442440.0,26311656000.0
Poland,172220451787.0,190905493539.0,199070432431.0,217828661057.0,255107275407.0,306145913284.0,344626630395.0,429020755433.0,533599853343.0,439731636117.0,475696613936.0,524374222548.0,495230574357.0,515762008469.0,539080532037.0,477111287969.0,470024559638.0,524641206562.0,588779850763.0,596058473059.0,599442783603.0,679441900611.0
Pre-demographic dividend,278678326343.0,266344271362.0,305714135441.0,332450589561.0,414233839146.0,516904887534.0,652732381891.0,789891756092.0,986047738378.0,902165613053.0,1060580608713.0,1235597698970.0,1341797607184.0,1471440063511.0,1562109741135.0,1334011121883.0,1217513931539.0,1294933204785.0,1348307586808.0,1421160801515.0,1308382294199.0,1429588429474.0
Puerto Rico,61701800000.0,69208400000.0,71623500000.0,74827400000.0,80322313000.0,83914521300.0,87276164400.0,89524131600.0,93639300000.0,96385600000.0,98381300000.0,100351700000.0,101564800000.0,102450000000.0,102445800000.0,103375500000.0,104336700000.0,103445500000.0,100958100000.0,105126400000.0,103130900000.0,106368900000.0
"Korea, Dem. People's Rep.",,,,,,,,,,,,,,,,,,,,,,
Portugal,118605192877.0,121604107165.0,134795565549.0,165226175537.0,189382122532.0,197253876705.0,208756449276.0,240496147317.0,263416394624.0,244667762836.0,238113003233.0,245117990242.0,216224240578.0,226433858006.0,229901964222.0,199394066525.0,206426152309.0,221357874719.0,242313116578.0,239986922639.0,229031860521.0,253982847571.0
Paraguay,8855705140.0,8495806432.0,7196260657.0,7691367471.0,9624440836.0,10737500188.0,13429430050.0,17856393235.0,24615267617.0,22355151178.0,27129301048.0,33737033607.0,33296438409.0,38651334593.0,40377987315.0,36211372646.0,36089550672.0,38997129809.0,40225448651.0,37925338460.0,35432177936.0,39950899733.0
West Bank and Gaza,4313600000.0,4003700000.0,3555800000.0,3968000000.0,4603100000.0,5125700000.0,5348300000.0,5815700000.0,7310400000.0,8085700000.0,9681500000.0,11186100000.0,12208400000.0,13515500000.0,13989700000.0,13972400000.0,15405400000.0,16128000000.0,16276600000.0,17133500000.0,15531700000.0,18109000000.0
Pacific island small states,3435656384.0,3389381092.0,3558832752.0,4239178866.0,4877982920.0,5419134369.0,5688864951.0,6273728182.0,6704438240.0,6031359070.0,6634286339.0,7736812460.0,8198532205.0,8523915458.0,9263444824.0,9054327014.0,9504027365.0,10256678900.0,10760671502.0,10739835369.0,9531900179.0,9475964549.0
Post-demographic dividend,26399173716298.0,26142575385624.0,27268467106808.0,30572525993655.0,33971626447175.0,35742710396565.0,37604948564769.0,41044091917261.0,43476833575741.0,40929784604203.0,42691272338289.0,45849639438220.0,45778308725715.0,46233475458880.0,47148786960028.0,44585851713476.0,45593085156268.0,47535727573456.0,50385041767150.0,50880064647604.0,49719390050877.0,55090863284052.0
French Polynesia,3599845482.0,3573808551.0,3965405557.0,4927780605.0,5564109988.0,5705052111.0,5877997997.0,6631156411.0,7136741398.0,6584557942.0,6086644791.0,6203940049.0,5692858094.0,6031827089.0,6151996535.0,5325846342.0,5497036487.0,5833352684.0,6135116261.0,6022276207.0,5731835679.0,6080359305.0
Qatar,17759890110.0,17538461538.0,19363736264.0,23533791209.0,31734065934.0,44530494505.0,60882142857.0,79712087912.0,115270054945.0,97798351648.0,125122306346.0,167775268626.0,186833502363.0,198727642967.0,206224598571.0,161739955577.0,151732181868.0,161099122225.0,183334953819.0,176371267689.0,144411363345.0,179677131707.0
Romania,37253738081.0,40395114265.0,46065502703.0,57806382692.0,74973660681.0,98454374488.0,122023721513.0,174588782939.0,214317174117.0,174102268535.0,170029359011.0,192613558646.0,179132893143.0,189789277576.0,199713780259.0,177883897811.0,185287615325.0,210147181055.0,243316050521.0,251017797625.0,251362534092.0,285404683025.0
Russian Federation,259710142197.0,306602070621.0,345470494418.0,430347420195.0,591016690743.0,764015982496.0,989932059221.0,1299703459800.0,1660848058303.0,1222645887209.0,1524916698233.0,2045922727570.0,2208293528674.0,2292470104248.0,2059241582146.0,1363482179761.0,1276786344534.0,1574199355093.0,1657328764646.0,1693114993990.0,1493075887460.0,1836892075548.0
Rwanda,2068762707.0,1966548410.0,1965932546.0,2138185328.0,2376464520.0,2933765825.0,3319711249.0,4070391531.0,5179804291.0,5674428928.0,6124693374.0,6884907733.0,7654782979.0,7820052084.0,8239042500.0,8543869360.0,8695318854.0,9252833678.0,9636510839.0,10346675636.0,10172925172.0,11055281971.0
South Asia,630242098666.0,645678633203.0,677426539845.0,791026613086.0,917083438859.0,1050602380000.0,1196088124853.0,1504162366253.0,1527612730733.0,1683173926492.0,2062468955968.0,2277346353955.0,2302398278355.0,2362708983919.0,2587787935996.0,2704835939983.0,3010757329893.0,3433883301222.0,3534209044994.0,3658004814522.0,3490012356688.0,4062783801939.0
Saudi Arabia,189514910223.0,184137517725.0,189605920241.0,215807655244.0,258742263029.0,328459700124.0,376900135721.0,415964583059.0,519796738631.0,429097899279.0,528207298530.0,676634577273.0,741849984943.0,753864543430.0,766605946720.0,669484381329.0,665999879694.0,714994694992.0,846583785180.0,838564705625.0,734271183955.0,868585871465.0
Sudan,12257299147.0,15716361539.0,18137126092.0,21355295732.0,26646007251.0,35182707174.0,45263824686.0,59440139775.0,64833088568.0,58315346841.0,74151157012.0,78402841445.0,63196236489.0,66027147865.0,76818773785.0,84984672416.0,102943515503.0,129718581297.0,32333780383.0,32338079165.0,27034593750.0,34229513775.0
Senegal,6013185004.0,6507824827.0,7006402325.0,8768721561.0,10076816661.0,11009033445.0,11697918245.0,13994218399.0,16853989611.0,16145867483.0,16121315902.0,17814283650.0,17660870396.0,18918667731.0,19797253445.0,17774766697.0,19040312331.0,20996562959.0,23116701540.0,23403995985.0,24530513059.0,27569136728.0
Singapore,96076521349.0,89793815728.0,92538355643.0,97646382413.0,115033570415.0,127807810334.0,148627255182.0,180941741378.0,193617346347.0,194150322022.0,239807921966.0,279356526366.0,295092839975.0,307576360585.0,314863580758.0,307998545269.0,319029973659.0,343272878686.0,376869585632.0,376837488317.0,348392174864.0,423796995373.0
Solomon Islands,419842688.0,409508556.6,346406733.6,417668997.4,468005324.5,552864568.4,617258127.2,695295347.6,776337725.2,805557595.9,898133646.6,1063895357.0,1185283422.0,1285911569.0,1335571357.0,1307909891.0,1379490315.0,1469789050.0,1615478421.0,1619154958.0,1536145831.0,1580303517.0
Sierra Leone,635874002.2,1074851475.0,1236235827.0,1369685677.0,1430217081.0,1627058706.0,1862116165.0,2126679686.0,2451896682.0,2419014960.0,2578159480.0,2932274242.0,3789251962.0,4920343203.0,5015180836.0,4252029354.0,3862721205.0,3719443318.0,4085114542.0,4076578654.0,4062906364.0,4249234574.0
El Salvador,11784927700.0,12282533600.0,12664190300.0,13243892200.0,13724810900.0,14698000000.0,15999890000.0,17011750000.0,17986890000.0,17601620000.0,18447920000.0,20283780000.0,21386150000.0,21990960000.0,22593470000.0,23438240000.0,24191430000.0,24979190000.0,26020850000.0,26881140000.0,24930080000.0,29451240000.0
San Marino,1005159388.0,1077413479.0,1168269231.0,1464326161.0,1723750000.0,1785847531.0,1908167106.0,2185874624.0,2393437820.0,2056126702.0,1881191950.0,1813717695.0,1604701051.0,1678741202.0,1673910988.0,1419400404.0,1468342431.0,1528621195.0,1655354304.0,1616188702.0,1541247884.0,1855382833.0
Somalia,,,,,,,,,,,,,,4577000012.0,5024999992.0,5335000000.0,5534000000.0,5609000000.0,5856000006.0,6485000000.0,6883000000.0,7628000011.0
Serbia,6875845987.0,12960546471.0,17120906918.0,22482365322.0,26141968161.0,27683225959.0,32482070360.0,43170990616.0,52194221469.0,45162894381.0,41819468692.0,49258136129.0,43309252921.0,48394239475.0,47062202241.0,39655949731.0,40692661657.0,44179075779.0,50640662859.0,51514242776.0,53356484764.0,63082021206.0
Sub-Saharan Africa (excluding high income),423785327342.0,406642457659.0,442445993204.0,557495188798.0,692416392727.0,822378325932.0,972440937664.0,1126288215959.0,1277264006648.0,1229155220210.0,1460726974194.0,1648437203064.0,1711634494144.0,1818610270272.0,1899461295889.0,1694601782533.0,1575080887302.0,1704412183051.0,1772634125817.0,1821727380113.0,1712869841645.0,1925171173472.0
South Sudan,,,,,,,,,14586253383.0,12231264525.0,14602072411.0,14907308933.0,11931472169.0,18426469017.0,13962212847.0,11997800760.0,,,,,,
Sub-Saharan Africa,424444223043.0,407309506891.0,443193859517.0,558250655633.0,693314583942.0,823361208064.0,973527213201.0,1127368649186.0,1278243727732.0,1230006172549.0,1461708684777.0,1649496095769.0,1712723978723.0,1819935185494.0,1900848872303.0,1695993210500.0,1576539841412.0,1705941956338.0,1774221939062.0,1823372470680.0,1714053357043.0,1926457861345.0
Small states,129662529706.0,130206285495.0,139256082316.0,166347398196.0,200138874578.0,238393416494.0,277387442226.0,332461229661.0,400481612491.0,343064897907.0,394134704446.0,474785544181.0,496043381694.0,515807509297.0,532806126587.0,454984827186.0,446993497561.0,482865468720.0,530086499061.0,522141646080.0,453727992926.0,540833833541.0
Sao Tome and Principe,,75951131.95,85171073.88,102085765.5,114582282.0,136450658.1,142775109.8,149146918.9,188021169.3,187821029.4,196652514.3,231489270.1,250680845.7,300554483.6,346528329.2,316066072.3,345495615.0,375614126.2,412253809.7,427425039.7,472551023.6,526653790.7
Suriname,947671969.7,834279357.8,1093574468.0,1274190311.0,1484092538.0,1793410617.0,2626380435.0,2936612022.0,3532969035.0,3875409836.0,4368371528.0,4422276622.0,4980000000.0,5145757576.0,5240606061.0,5126238146.0,3317421500.0,3591679371.0,3996198760.0,4016040575.0,2911807496.0,2984706244.0
Slovak Republic,29242558797.0,30778781607.0,35297794386.0,46919965224.0,57437444469.0,62808723477.0,70767338922.0,86563986799.0,100879902985.0,89399303222.0,91162836320.0,99922685425.0,94623731086.0,98935222175.0,101437045020.0,88900883131.0,89952699525.0,95649966261.0,106137924016.0,105710052465.0,106728917483.0,118656591909.0
Slovenia,20289627637.0,20876309970.0,23489890274.0,29634713641.0,34414784504.0,36206395971.0,39481045038.0,48067401207.0,55779427740.0,50567734886.0,48208240226.0,51583869785.0,46577793184.0,48415657265.0,49997186439.0,43107506024.0,44766722791.0,48589100043.0,54177882426.0,54331588482.0,53706800044.0,61748586535.0
Sweden,262834187367.0,242395011587.0,266848422378.0,334337040047.0,385118743610.0,392218701193.0,423090618043.0,491254769729.0,517706214656.0,436535921119.0,495812558843.0,574094112973.0,552483727283.0,586841821797.0,581964017237.0,505103781350.0,515654671470.0,541018749769.0,555455371487.0,533879529188.0,547054174236.0,636856236396.0
Eswatini,1738093757.0,1542477309.0,1432221784.0,2197598418.0,2770082792.0,3178112332.0,3291329938.0,3469381231.0,3294084181.0,3580427986.0,4438765109.0,4820478592.0,4886551706.0,4597552949.0,4422986447.0,4063245671.0,3816019223.0,4402969226.0,4666598024.0,4466214522.0,3982236726.0,4748702401.0
Sint Maarten (Dutch part),,,,,,,,,,,,936089385.5,985865921.8,1022905028.0,1245251397.0,1253072626.0,1263687151.0,1191620112.0,1185474860.0,1459776536.0,1240279330.0,1384636872.0
Seychelles,654212432.4,662064193.6,742134792.4,750847276.4,893012218.2,977899381.8,1081441349.0,1077308888.0,979597364.9,851064318.8,981918002.9,1059249940.0,1089880668.0,1324915222.0,1387576414.0,1391427967.0,1458954110.0,1529773286.0,1587813245.0,1645090567.0,1183515398.0,1286687873.0
Syrian Arab Republic,80590022272.0,86771314031.0,90558485523.0,95693808463.0,112863340757.0,134203830735.0,153799910913.0,180030111359.0,218089977728.0,224561692650.0,252518218263.0,67539427671.0,43190317725.0,21361254648.0,21502061462.0,16468399180.0,12598742887.0,16369724433.0,21496337968.0,22600896352.0,11159274040.0,
Turks and Caicos Islands,,358744800.0,366707900.0,409753600.0,485598800.0,578645800.0,721891500.0,773489700.0,862683600.0,703175800.0,686787800.0,728789600.0,727161000.0,754238000.0,841070000.0,942070000.0,1032452000.0,1022365000.0,1113178000.0,1197415000.0,924583000.0,1044778790.0
Chad,1388506772.0,1710843376.0,1997005710.0,2742815071.0,4422855658.0,6649307528.0,7428701455.0,8650137735.0,10393833755.0,9290728312.0,10668103549.0,12172308858.0,12367362746.0,12953534870.0,13940767222.0,10950392257.0,10097778097.0,10000394388.0,11239167890.0,11314951088.0,10715396051.0,11779981332.0
East Asia & Pacific (IDA & IBRD countries),1732058262388.0,1844710221139.0,2041300111260.0,2308408754163.0,2678572954339.0,3102603620228.0,3735650251544.0,4721464960584.0,5970961310988.0,6475879226565.0,7879104830184.0,9632969004625.0,10745080937108.0,11855762712169.0,12782174580094.0,13310296419271.0,13594851920373.0,14858183903104.0,16619140999210.0,17185664986074.0,17465598594221.0,20811347144903.0
Europe & Central Asia (IDA & IBRD countries),894544912880.0,909540989189.0,1022699841892.0,1258196381063.0,1628013726359.0,2039291725255.0,2466294505435.0,3172257385086.0,3926652288409.0,3113586357348.0,3657536381246.0,4449677432131.0,4646279764257.0,4915186910591.0,4643782927094.0,3627425557556.0,3485571017748.0,3909150827560.0,4076336318032.0,4156449775998.0,3899326823730.0,4615367974096.0
Togo,2027363117.0,2014516701.0,2319268823.0,2875255593.0,3071152629.0,3100356552.0,3195618966.0,3618281293.0,4516616224.0,4592147228.0,4660369658.0,5262368232.0,5263522037.0,5872790935.0,6217047649.0,5681469374.0,6031632015.0,6395472028.0,7029217932.0,6992656429.0,7389329393.0,8334047486.0
Thailand,126392223203.0,120296476180.0,134300903358.0,152280616469.0,172895685509.0,189318407488.0,221758294725.0,262942624565.0,291382985569.0,281710629173.0,341104766329.0,370818735570.0,397558329542.0,420333659153.0,407339036017.0,401296242134.0,413366345844.0,456356812775.0,506754212433.0,543976695639.0,500457261548.0,505568057004.0
Tajikistan,860541842.3,1080772703.0,1221106073.0,1555318431.0,2076176636.0,2312352268.0,2830213563.0,3719524181.0,5161299725.0,4979471964.0,5642221529.0,6522755783.0,7633036366.0,8448410727.0,9112606075.0,8271431932.0,6992416097.0,7536403147.0,7765000282.0,8300813890.0,8133963813.0,8937805347.0
Turkmenistan,2904662605.0,3534771969.0,4462028989.0,5977440583.0,6838351088.0,8103901996.0,10276674365.0,12664165103.0,19271523179.0,20214385965.0,22583157895.0,29233333333.0,35164210526.0,39197543860.0,43524210526.0,35799714286.0,36169428571.0,37926285714.0,40765428571.0,44220285714.0,45610571429.0,
Latin America & the Caribbean (IDA & IBRD countries),2178185355321.0,2120324403166.0,1887242432115.0,1922534458021.0,2225384515790.0,2708927963301.0,3186236239230.0,3773229879832.0,4409097095011.0,4130162256669.0,5159729033221.0,5887034342421.0,5947252224242.0,6095171749897.0,6215504429531.0,5148471978659.0,5015399889887.0,5593216809530.0,5464428426578.0,5371331762439.0,4529215519229.0,5238233593532.0
Timor-Leste,367087900.0,477443500.0,469506700.0,490439100.0,440764600.0,462283600.0,453805100.0,542795400.0,648492700.0,726882400.0,881827800.0,1042411500.0,1160389600.0,1395519600.0,1447310400.0,1594447600.0,1650619400.0,1595724300.0,1563887900.0,2028551600.0,2158392500.0,3621222400.0
Middle East & North Africa (IDA & IBRD countries),531861706892.0,538324769800.0,524741475875.0,573739880431.0,681180472799.0,803410584370.0,936957615003.0,1142496167090.0,1408940171755.0,1370510388772.0,1578098820761.0,1625215002296.0,1752600151707.0,1610532044310.0,1586867031725.0,1425097281066.0,1460439514342.0,1460779778480.0,1383769733583.0,1391491110717.0,1269397606042.0,1488905605616.0
Tonga,204848436.6,181117272.4,182764299.9,202246621.2,230657579.1,261803692.1,292230634.2,298519087.7,344436494.4,312377751.1,366832186.5,414533045.1,470705334.8,450650718.2,439877675.7,437003006.7,420548768.1,460374252.2,488906860.9,512053639.8,484796858.8,469228124.2
South Asia (IDA & IBRD),630242098666.0,645678633203.0,677426539845.0,791026613086.0,917083438859.0,1050602380000.0,1196088124853.0,1504162366253.0,1527612730733.0,1683173926492.0,2062468955968.0,2277346353955.0,2302398278355.0,2362708983919.0,2587787935996.0,2704835939983.0,3010757329893.0,3433883301222.0,3534209044994.0,3658004814522.0,3490012356688.0,4062783801939.0
Sub-Saharan Africa (IDA & IBRD countries),424444223043.0,407309506891.0,443193859517.0,558250655633.0,693314583942.0,823361208064.0,973527213201.0,1127368649186.0,1278243727732.0,1230006172549.0,1461708684777.0,1649496095769.0,1712723978723.0,1819935185494.0,1900848872303.0,1695993210500.0,1576539841412.0,1705941956338.0,1774221939062.0,1823372470680.0,1714053357043.0,1926457861345.0
Trinidad and Tobago,8154342548.0,8824849663.0,9008297748.0,11305459802.0,13280292692.0,15982388173.0,18369361094.0,21641620050.0,27871587350.0,19172165226.0,22157919434.0,25433008605.0,27121712419.0,28557451150.0,29489012807.0,26851970249.0,23496215881.0,23797686962.0,24322359037.0,23849557811.0,21059428846.0,24460196270.0
Tunisia,21473522939.0,22065840117.0,23141611179.0,27453895159.0,31183893587.0,32272178404.0,34376664601.0,38915343743.0,44859452038.0,43455740497.0,46206091938.0,48123314430.0,47311411910.0,48685436425.0,50271812921.0,45779494042.0,44360065797.0,42163530591.0,42686509836.0,41905637659.0,42538462678.0,46687298709.0
Turkiye,274294842523.0,201753110089.0,240249005455.0,314595528425.0,408865358517.0,506314676837.0,557075996577.0,681321173796.0,770449308781.0,649289418603.0,776967457764.0,838785514059.0,880555912746.0,957798998031.0,938934430071.0,864313960482.0,869682954136.0,858988578710.0,778476714088.0,759934804372.0,720288811762.0,819034484303.0
Tuvalu,15073978.45,13964728.72,16842677.17,19456335.93,22798266.6,22909973.98,24096867.47,28450156.79,31874425.95,28076988.13,32105394.15,39196949.34,39345578.22,38615887.03,38760972.42,36811928.82,41629064.97,45276606.0,48015219.95,54123195.27,51746568.7,60196366.81
Tanzania,13375976354.0,13581644246.0,14142035080.0,15224257698.0,16675948415.0,18399046025.0,18649590248.0,21843529025.0,27961527623.0,29081826159.0,32014247548.0,34657141721.0,39650522646.0,45680532614.0,49964825081.0,47378603784.0,49774004999.0,53275968095.0,57003686049.0,61026765850.0,66068737757.0,70655628141.0
Uganda,6193246837.0,5840503869.0,6178563591.0,6606884274.0,7939487548.0,9239221760.0,9977647685.0,11902564497.0,14440404137.0,25127805566.0,26673441432.0,27871725245.0,27305915908.0,28915786520.0,32612397253.0,32387183733.0,29203988697.0,30744473840.0,32927025621.0,35348155092.0,37605430214.0,40510241366.0
Ukraine,32375081951.0,39309580983.0,43956163612.0,52010352502.0,67220154164.0,89238865119.0,111884752475.0,148733861386.0,188110375779.0,121552148244.0,141209163013.0,169333838744.0,182591746211.0,190498811460.0,133503867182.0,91030968761.0,93355868978.0,112090503817.0,130891086690.0,153883045525.0,156617719786.0,199765856765.0
Upper middle income,4418290422686.0,4434160160761.0,4499020434441.0,5052354848145.0,6029942150778.0,7222694384207.0,8602214788410.0,10635743057387.0,12953100695357.0,12520122233352.0,15356267754832.0,18538276005120.0,19829689458383.0,21215649863990.0,21825453186269.0,20518584369299.0,20476321992811.0,22654892975159.0,24340482542310.0,24792971685095.0,23928189369749.0,28475143446764.0
Uruguay,22823271521.0,20898762265.0,13606515936.0,12045638210.0,13686329890.0,17362857684.0,19741420467.0,23797773024.0,31119603034.0,32708318594.0,41950361212.0,50342405198.0,54232266359.0,61337620936.0,61496186974.0,57680328702.0,57480788380.0,65006047680.0,65203071111.0,62048585619.0,53666908480.0,61412268249.0
United States,10250947997000.0,10581929774000.0,10929112955000.0,11456442041000.0,12217193198000.0,13039199193000.0,13815586948000.0,14474226905000.0,14769857911000.0,14478064934000.0,15048964444000.0,15599728123000.0,16253972230000.0,16843190993000.0,17550680174000.0,18206020741000.0,18695110842000.0,19477336549000.0,20533057312000.0,21380976119000.0,21060473613000.0,23315080560000.0
Uzbekistan,13760513969.0,11401421329.0,9687788513.0,10134453435.0,12030023548.0,14307509839.0,17330833853.0,22311393928.0,29549438884.0,33689223673.0,49765676402.0,60178909297.0,67517349212.0,73180037913.0,80845385816.0,86196264742.0,86138288633.0,62081322741.0,52870108218.0,60283503705.0,60224701296.0,69600614989.0
St. Vincent and the Grenadines,427946037.0,462072333.3,487763851.9,509090888.9,549900185.2,579948925.9,643501148.1,713596666.7,732663259.3,714300259.3,720447888.9,713796370.4,730032592.6,764781259.3,770901436.4,786554580.8,814302267.1,844039068.8,884328180.5,910765709.8,869111852.8,872226063.7
"Venezuela, RB",117146466003.0,122911036746.0,92893587734.0,83620628582.0,112451400423.0,145513489652.0,183477522124.0,230364012576.0,315953388511.0,329787628928.0,393192354511.0,316482190800.0,381286237848.0,371005379787.0,482359318768.0,,,,,,,
British Virgin Islands,,,,,,,,,,,,,,,,,,,,,,
Virgin Islands (U.S.),,,3262000000.0,3443000000.0,3797000000.0,4428000000.0,4484000000.0,4784000000.0,4244000000.0,4201000000.0,4324000000.0,4223000000.0,4089000000.0,3738000000.0,3565000000.0,3663000000.0,3798000000.0,3794000000.0,3922000000.0,4117000000.0,4204000000.0,
Vietnam,31172518403.0,32685198809.0,35064105501.0,39552513231.0,45427854693.0,57633255739.0,66371664817.0,77414425532.0,99130304099.0,106014659563.0,147201164066.0,172595034069.0,195590647206.0,213708830777.0,233451484774.0,239258340826.0,257096001174.0,281353626107.0,310106472643.0,334365257920.0,346615750167.0,366137590718.0
Vanuatu,272014627.2,257926881.7,262596534.9,314471413.9,364996869.1,394962431.8,439358585.2,516392922.5,590748431.3,592622317.3,670712977.4,770153591.1,747839697.7,758304466.2,772315986.5,730870805.2,780889605.9,880061831.0,914736985.4,936526267.6,909421043.5,971636097.9
World,33845583188360.0,33631012546213.0,34925116624464.0,39161645364741.0,44133615904575.0,47793587715631.0,51791096256797.0,58361096784020.0,64135192896903.0,60817919586141.0,66619781549532.0,73881739609760.0,75525948524603.0,77635152493358.0,79756517210011.0,75215062596595.0,76486454870400.0,81442048665488.0,86502223934428.0,87728102156403.0,85215150558552.0,96882397612409.0
Samoa,258856139.8,266299591.5,281790139.0,333426144.5,407747521.1,476801793.2,499923757.8,573548459.8,641346191.7,628006115.4,680260919.9,744096948.5,773141695.1,797736265.9,796683672.8,824150487.2,843924750.7,884844419.8,878448439.5,912950619.4,868898350.4,843850777.8
Kosovo,,,,,,,,,5181776769.0,5015894693.0,5343950626.0,6341614505.0,6163483291.0,6735327512.0,7074392884.0,6295845465.0,6682674063.0,7180768692.0,7878762812.0,7899741279.0,7717143395.0,9412034299.0
"Yemen, Rep.",9652436180.0,9861560095.0,10694628092.0,11777966673.0,13872791659.0,16746347681.0,19061978586.0,21650532264.0,26910855852.0,25130278254.0,30906749533.0,32726417878.0,35401323350.0,40415233436.0,43228585321.0,42444489461.0,31317824906.0,26842231205.0,21606161066.0,,,
South Africa,151752749926.0,135429908544.0,129087560695.0,197018960968.0,255806928395.0,288867202055.0,303858667885.0,333077117254.0,316131245861.0,329754054489.0,417363825016.0,458199486481.0,434400545086.0,400886013596.0,381198869776.0,346709790459.0,323585509674.0,381448814653.0,404158882459.0,388531226582.0,337619569571.0,419015636065.0
Zambia,3600631919.0,4094441301.0,4193850445.0,4901869716.0,6221109716.0,8331870169.0,12756858899.0,14056957976.0,17910858638.0,15328342304.0,20265559484.0,23459515276.0,25503060420.0,28037239463.0,27141023558.0,21251216799.0,20958412538.0,25873601261.0,26311506435.0,23308667781.0,18110638619.0,22147649569.0
Zimbabwe,6689957600.0,6777384700.0,6342116400.0,5727591800.0,5805598400.0,5755215200.0,5443896500.0,5291950100.0,4415702800.0,9665793300.0,12041655200.0,14101920300.0,17114849900.0,19091020000.0,19495519600.0,19963120600.0,20548678100.0,17584890937.0,34156069918.0,21832234926.0,21509698406.0,28371238666.0
