year,country,gov_party,value,gdp,tax_rate_variation_per_gov,tax_rate_variation_per_year,gdp_variation_per_gov,gdp_variation_per_year
2000,Australia,1,26.596612,415844972940.0,,,,
2001,Australia,1,23.070763,379357823193.0,-0.13256759921150862,-0.13256759921150862,-0.08774219269512373,-0.08774219269512373
2002,Australia,1,23.507561,395573025330.0,0.01893296723649751,0.01893296723649751,0.042743819016354934,0.042743819016354934
2003,Australia,1,23.94136,467497961561.0,0.018453594568998533,0.018453594568998533,0.18182467363895172,0.18182467363895172
2004,Australia,1,23.88431,614326362214.0,-0.0023829055659327913,-0.0023829055659327913,0.31407281469791304,0.31407281469791304
2005,Australia,1,24.218502,695305000207.0,0.013992114488549312,0.013992114488549312,0.13181696728943426,0.13181696728943426
2006,Australia,1,23.978454,747907432137.0,-0.00991176085126988,-0.00991176085126988,0.07565375182738454,0.07565375182738454
2007,Australia,2,23.359245,854427259166.0,,-0.025823558099283495,,0.1424238113594356
2008,Australia,5,22.547911,1055686110666.0,,-0.034732886272651475,,0.23554825684804026
2009,Australia,5,22.057972,928629769752.0,-0.021728797847392567,-0.021728797847392567,-0.12035427920316588,-0.12035427920316588
2010,Australia,5,22.282927,1148569537285.0,0.010198353683647854,0.010198353683647854,0.23684333056836748,0.23684333056836748
2011,Australia,5,22.272928,1398456161408.0,-0.0004487291997142817,-0.0004487291997142817,0.2175633394506391,0.2175633394506391
2012,Australia,5,22.952915,1546952690140.0,0.03052975342981412,0.03052975342981412,0.10618604489002359,0.10618604489002359
2013,Australia,4,23.103308,1576329690004.0,,0.006552239661062442,,0.018990238066906473
2014,Australia,1,23.355111,1467589901175.0,,0.010899001995731572,,-0.06898289711762273
2015,Australia,1,24.068137,1350580336317.0,0.030529762842916863,0.030529762842916863,-0.07972906107102429,-0.07972906107102429
2016,Australia,1,24.308207,1206562910557.0,0.009974598366296439,0.009974598366296439,-0.10663373505994622,-0.10663373505994622
2017,Australia,1,24.356725,1326467487376.0,0.001995951408509944,0.001995951408509944,0.09937697882959706,0.09937697882959706
2018,Australia,1,24.645486,1428266513154.0,0.011855493708616383,0.011855493708616383,0.07674445604345537,0.07674445604345537
2019,Australia,1,23.638534,1392218527563.0,-0.040857461686898744,-0.040857461686898744,-0.025238976940932578,-0.025238976940932578
2020,Australia,1,24.079812,1326944627877.0,0.01866773971685376,0.01866773971685376,-0.04688480895327418,-0.04688480895327418
2021,Australia,1,23.223937,1552703151616.0,-0.03554325922478141,-0.03554325922478141,0.17013409527132617,0.17013409527132617
2000,Austria,2,30.963729,197289625480.0,,,,
2001,Austria,1,31.393693,197508773215.0,,0.013886053582241376,,0.0011107919864858928
2002,Austria,1,31.603978,214394866675.0,0.0066983199459842435,0.0066983199459842435,0.08549540957159651,0.08549540957159651
2003,Austria,1,31.996964,262273631180.0,0.012434700467137239,0.012434700467137239,0.22332047985821957,0.22332047985821957
2004,Austria,1,33.222679,301457562039.0,0.03830722814827059,0.03830722814827059,0.14940095457826574,0.14940095457826574
2005,Austria,1,33.038171,316092273276.0,-0.00555367614995772,-0.00555367614995772,0.048546505644156523,0.048546505644156523
2006,Austria,1,33.439199,336280064332.0,0.012138323274614837,0.012138323274614837,0.06386676538079361,0.06386676538079361
2007,Austria,3,33.835085,389185571506.0,,0.011838979755465884,,0.15732573169061803
2008,Austria,3,34.263553,432051935643.0,0.012663423189272383,0.012663423189272383,0.11014376501966261,0.11014376501966261
2009,Austria,3,32.786954,401758735822.0,-0.04309532639536828,-0.04309532639536828,-0.07011471844447648,-0.07011471844447648
2010,Austria,3,33.071075,392275107259.0,0.008665672328085128,0.008665672328085128,-0.023605282766525182,-0.023605282766525182
2011,Austria,3,33.550145,431685217368.0,0.014486072799266392,0.014486072799266392,0.10046548807130762,0.10046548807130762
2012,Austria,3,33.937322,409401816051.0,0.011540248186706847,0.011540248186706847,-0.0516195607828841,-0.0516195607828841
2013,Austria,3,34.381713,430190979706.0,0.013094462786427119,0.013094462786427119,0.050779363549306344,0.050779363549306344
2014,Austria,3,34.681248,442584815286.0,0.00871204410321269,0.00871204410321269,0.02881007776701905,0.02881007776701905
2015,Austria,3,35.040655,381971148531.0,0.010363150714761016,0.010363150714761016,-0.13695378752619702,-0.13695378752619702
2016,Austria,3,32.10617,395837353032.0,-0.08374515259489301,-0.08374515259489301,0.03630170643601538,0.03630170643601538
2017,Austria,3,32.430503,417261151845.0,0.010101890072842679,0.010101890072842679,0.05412273159392322,0.05412273159392322
2018,Austria,1,32.790136,454991174096.0,,0.011089343880975155,,0.09042304102399545
2019,Austria,1,33.209427,444621176101.0,0.012787107683847498,0.012787107683847498,-0.02279164648765697,-0.02279164648765697
2020,Austria,2,32.706375,435225238000.0,,-0.015147867501598133,,-0.021132457485258493
2021,Austria,2,33.173103,480368403893.0,0.014270245479665489,0.014270245479665489,0.1037236859251256,0.1037236859251256
2000,Belgium,3,43.007566,236792460312.0,,,,
2001,Belgium,3,42.963909,236746141604.0,-0.001015100459300533,-0.001015100459300533,-0.00019560888019398703,-0.00019560888019398703
2002,Belgium,3,42.655726,258383599375.0,-0.007173067050300297,-0.007173067050300297,0.09139518652511969,0.09139518652511969
2003,Belgium,3,41.985724,318082528507.0,-0.015707199544558348,-0.015707199544558348,0.23104767205195986,0.23104767205195986
2004,Belgium,3,41.912911,369214712443.0,-0.0017342323309703644,-0.0017342323309703644,0.16075131248485008,0.16075131248485008
2005,Belgium,3,41.991336,385714762230.0,0.0018711418063994678,0.0018711418063994678,0.04468957826144937,0.04468957826144937
2006,Belgium,3,41.92159,408259840869.0,-0.001660961680285511,-0.001660961680285511,0.05845013166894675,0.05845013166894675
2007,Belgium,3,42.065326,470922156309.0,0.0034286867458985792,0.0034286867458985792,0.1534863564014044,0.1534863564014044
2008,Belgium,2,42.490295,517328087920.0,,0.010102596138206632,,0.09854268054559379
2009,Belgium,2,42.291413,483254171098.0,-0.004680645309711462,-0.004680645309711462,-0.06586519776840194,-0.06586519776840194
2010,Belgium,2,42.718262,481420882905.0,0.010093041819151383,0.010093041819151383,-0.0037936313903604857,-0.0037936313903604857
2011,Belgium,2,42.826743,523330354138.0,0.002539452564807032,0.002539452564807032,0.08705370440124871,0.08705370440124871
2012,Belgium,3,42.711272,496152879925.0,,-0.0026962358543118903,,-0.051931775021468396
2013,Belgium,3,42.400234,521791015247.0,-0.0072823398937873485,-0.0072823398937873485,0.05167386174574973,0.05167386174574973
2014,Belgium,2,42.3566,535390200131.0,,-0.0010290980941284333,,0.02606251255124148
2015,Belgium,1,42.009104,462335574841.0,,-0.0082040579272179,,-0.13645118134796808
2016,Belgium,1,40.735965,476062757357.0,-0.03030626408980297,-0.03030626408980297,0.029690950173412167,0.029690950173412167
2017,Belgium,1,40.583742,502764720556.0,-0.0037368207675944065,-0.0037368207675944065,0.05608916636798833,0.05608916636798833
2018,Belgium,1,39.889083,543299066999.0,-0.017116681847622717,-0.017116681847622717,0.08062289334496997,0.08062289334496997
2019,Belgium,1,39.359406,535865692402.0,-0.013278745966659566,-0.013278745966659566,-0.013681920416428128,-0.013681920416428128
2020,Belgium,2,39.299145,525213067068.0,,-0.0015310444471645646,,-0.01987928222508506
2021,Belgium,3,39.479517,594351961634.0,,0.004589718173257928,,0.13163970757994958
2000,Canada,1,26.931846,744773415932.0,,,,
2001,Canada,1,25.42703,738962729045.0,-0.0558749667586842,-0.0558749667586842,-0.007801952597527362,-0.007801952597527362
2002,Canada,1,25.327466,760649334098.0,-0.003915675562580323,-0.003915675562580323,0.029347359752536883,0.029347359752536883
2003,Canada,1,25.342781,895540646635.0,0.0006046795206435807,0.0006046795206435807,0.17733705465864635,0.17733705465864635
2004,Canada,1,25.580223,1026690238278.0,0.009369216424985227,0.009369216424985227,0.1464473914565414,0.1464473914565414
2005,Canada,1,25.800946,1173108598779.0,0.008628658162987746,0.008628658162987746,0.14261201192150996,0.14261201192150996
2006,Canada,1,25.915323,1319264809591.0,0.004433054508931722,0.004433054508931722,0.12458881553176138,0.12458881553176138
2007,Canada,1,25.515911,1468820407783.0,-0.01541219455377818,-0.01541219455377818,0.11336283443986162,0.11336283443986162
2008,Canada,1,25.541083,1552989690722.0,0.0009865217040458951,0.0009865217040458951,0.05730399883675563,0.05730399883675563
2009,Canada,1,25.284098,1374625142157.0,-0.010061632860282388,-0.010061632860282388,-0.11485237128784587,-0.11485237128784587
2010,Canada,1,24.978532,1617343367486.0,-0.012085303576975459,-0.012085303576975459,0.1765704830250212,0.1765704830250212
2011,Canada,1,24.999532,1793326630175.0,0.0008407219447483794,0.0008407219447483794,0.10881008091840672,0.10881008091840672
2012,Canada,1,24.891957,1828366481522.0,-0.004303080553667904,-0.004303080553667904,0.019539023598607264,0.019539023598607264
2013,Canada,1,25.039644,1846597421835.0,0.005933121288936638,0.005933121288936638,0.00997116305579171,0.00997116305579171
2014,Canada,1,25.271235,1805749878440.0,0.009248973348023659,0.009248973348023659,-0.02212043779115047,-0.02212043779115047
2015,Canada,1,25.282367,1556508816217.0,0.0004405008302919011,0.0004405008302919011,-0.13802634860943264,-0.13802634860943264
2016,Canada,1,24.747287,1527994741907.0,-0.021164157612299506,-0.021164157612299506,-0.01831925011469049,-0.01831925011469049
2017,Canada,1,24.623659,1649265644244.0,-0.004995618307574445,-0.004995618307574445,0.07936604689205207,0.07936604689205207
2018,Canada,1,24.630698,1725297938436.0,0.00028586328295077124,0.00028586328295077124,0.046100696062732816,0.046100696062732816
2019,Canada,1,24.60624,1743725183673.0,-0.0009929885056444432,-0.0009929885056444432,0.010680616272980892,0.010680616272980892
2020,Canada,1,25.072216,1647598402303.0,0.018937310210743297,0.018937310210743297,-0.05512725415109143,-0.05512725415109143
2021,Canada,1,25.303261,2001486745424.0,0.009215180660536726,0.009215180660536726,0.2147904141120418,0.2147904141120418
2000,Czech Republic,4,22.490772,61823494487.0,,,,
2001,Czech Republic,4,22.493797,67808695574.0,0.000134499607216787,0.000134499607216787,0.09681110937943727,0.09681110937943727
2002,Czech Republic,4,23.016582,82196206090.0,0.023241296256029997,0.023241296256029997,0.212177957328479,0.212177957328479
2003,Czech Republic,3,23.337174,100090467581.0,,0.013928740592326072,,0.2177017935767842
2004,Czech Republic,3,23.749761,119814667458.0,0.017679389972410586,0.017679389972410586,0.1970637199894969,0.1970637199894969
2005,Czech Republic,3,24.034239,137143375920.0,0.011978141590561764,0.011978141590561764,0.14462927477618237,0.14462927477618237
2006,Czech Republic,3,22.410384,156264210926.0,-0.0675642361715717,-0.0675642361715717,0.1394222278526509,0.1394222278526509
2007,Czech Republic,2,22.892411,190184113270.0,,0.02150909149972624,,0.21706763271638052
2008,Czech Republic,2,23.639452,236816948160.0,0.032632692117924966,0.032632692117924966,0.24519837166312852,0.24519837166312852
2009,Czech Republic,2,22.287958,207434296805.0,-0.057171122240904704,-0.057171122240904704,-0.12407326242186123,-0.12407326242186123
2010,Czech Republic,1,22.454587,209069940963.0,,0.007476189608756512,,0.0078851192073488
2011,Czech Republic,1,23.09385,229562733399.0,0.028469149755459666,0.028469149755459666,0.09801883686199875,0.09801883686199875
2012,Czech Republic,1,22.88843,208857719321.0,-0.00889500884434602,-0.00889500884434602,-0.09019327210228367,-0.09019327210228367
2013,Czech Republic,1,22.871238,211685616593.0,-0.0007511218550156906,-0.0007511218550156906,0.013539826448328185,0.013539826448328185
2014,Czech Republic,3,23.103091,209358834156.0,,0.010137317446480054,,-0.010991688875459205
2015,Czech Republic,3,23.352607,188033050460.0,0.010800113283542911,0.010800113283542911,-0.10186235408680899,-0.10186235408680899
2016,Czech Republic,3,23.678628,196272068576.0,0.013960796753869964,0.013960796753869964,0.04381686142858521,0.04381686142858521
2017,Czech Republic,3,24.149435,218628940952.0,0.01988320438160529,0.01988320438160529,0.11390755973687128,0.11390755973687128
2018,Czech Republic,2,24.61348,249000540729.0,,0.019215563428295557,,0.1389184782433177
2019,Czech Republic,2,25.020007,252548179965.0,0.01651643733433872,0.01651643733433872,0.014247516192589682,0.014247516192589682
2020,Czech Republic,2,25.205077,245974558654.0,0.007396880424533903,0.007396880424533903,-0.026029177133294,-0.026029177133294
2021,Czech Republic,2,19.698272,281791218507.0,-0.21847999115416317,-0.21847999115416317,0.14561123739378878,0.14561123739378878
2000,Denmark,4,41.454608,164157842127.0,,,,
2001,Denmark,4,40.637426,164791096044.0,-0.01971269394225128,-0.01971269394225128,0.003857591625199941,0.003857591625199941
2002,Denmark,1,39.966891,178634843166.0,,-0.016500429923883453,,0.08400785876382333
2003,Denmark,1,39.957662,218096916362.0,-0.00023091613505787922,-0.00023091613505787922,0.2209091602545259,0.2209091602545259
2004,Denmark,1,38.60587,251374821136.0,-0.03383060800704496,-0.03383060800704496,0.1525831053877209,0.1525831053877209
2005,Denmark,1,38.48639,264466895451.0,-0.003094866143413033,-0.003094866143413033,0.05208188415941972,0.05208188415941972
2006,Denmark,1,38.58812,282885978374.0,0.0026432720761808692,0.0026432720761808692,0.06964608138039208,0.06964608138039208
2007,Denmark,1,38.765757,319423375611.0,0.004603411619949371,0.004603411619949371,0.12915944949627156,0.12915944949627156
2008,Denmark,1,38.584203,353358901702.0,-0.0046833601108318135,-0.0046833601108318135,0.10623995825630295,0.10623995825630295
2009,Denmark,1,37.188637,321243301145.0,-0.03616936184997788,-0.03616936184997788,-0.09088663226626226,-0.09088663226626226
2010,Denmark,1,36.285269,321995279402.0,-0.02429150603180219,-0.02429150603180219,0.002340837160867526,0.002340837160867526
2011,Denmark,2,36.418995,344003137611.0,,0.0036854074307677287,,0.06834838774615681
2012,Denmark,4,36.487655,327148943812.0,,0.0018852799205468784,,-0.04899430254051573
2013,Denmark,4,36.12487,343584391648.0,-0.009942677872831096,-0.009942677872831096,0.05023842548440216,0.05023842548440216
2014,Denmark,4,35.959236,352993631618.0,-0.004585040721253875,-0.004585040721253875,0.027385527977183965,0.027385527977183965
2015,Denmark,3,36.129014,302673070847.0,,0.004721401756144106,,-0.14255373543241578
2016,Denmark,1,36.10596,313115929314.0,,-0.0006381021081836025,,0.0345021063082247
2017,Denmark,1,36.034033,332121063806.0,-0.0019921087820404804,-0.0019921087820404804,0.06069679857437471,0.06069679857437471
2018,Denmark,1,35.551384,356841216410.0,-0.01339425425957741,-0.01339425425957741,0.07443114965583653,0.07443114965583653
2019,Denmark,3,35.596262,346498737962.0,,0.0012623418542581089,,-0.028983418877590594
2020,Denmark,5,35.391578,355222449505.0,,-0.005750154328002188,,0.02517674838964834
2021,Denmark,5,35.468349,398303272764.0,0.0021691883871355344,0.0021691883871355344,0.12127843642492997,0.12127843642492997
2000,Estonia,2,21.941463,5686579748.0,,,,
2001,Estonia,2,21.481993,6254649539.0,-0.020940718492654775,-0.020940718492654775,0.09989656633230082,0.09989656633230082
2002,Estonia,2,22.68821,7367975888.0,0.056150143983381806,0.056150143983381806,0.17799979712020764,0.17799979712020764
2003,Estonia,1,23.000293,9874013098.0,,0.01375529404919984,,0.340125598684641
2004,Estonia,1,21.860916,12145911801.0,-0.049537499370116755,-0.049537499370116755,0.2300886863782039,0.2300886863782039
2005,Estonia,1,19.796496,14106790200.0,-0.09443428628516748,-0.09443428628516748,0.16144349070924058,0.16144349070924058
2006,Estonia,1,18.730058,17022870405.0,-0.05387003841487914,-0.05387003841487914,0.20671465043833992,0.20671465043833992
2007,Estonia,2,18.693093,22449129483.0,,-0.001973565698515145,,0.3187628730584817
2008,Estonia,2,17.866281,24341678629.0,-0.04423088249761553,-0.04423088249761553,0.08430389906357694,0.08430389906357694
2009,Estonia,2,18.564575,19633031398.0,0.03908446307320479,0.03908446307320479,-0.19343970901785912,-0.19343970901785912
2010,Estonia,1,19.480832,19523477326.0,,0.0493551293256107,,-0.005580089481808659
2011,Estonia,1,19.711999,23213994093.0,0.011866382298250988,0.011866382298250988,0.18902968489559124,0.18902968489559124
2012,Estonia,1,19.914298,23019150071.0,0.0102627338810235,0.0102627338810235,-0.008393386386651769,-0.008393386386651769
2013,Estonia,1,19.486888,25115753366.0,-0.021462468825162673,-0.021462468825162673,0.09108083002774903,0.09108083002774903
2014,Estonia,2,19.638839,26634083965.0,,0.007797602162028072,,0.06045331696302658
2015,Estonia,2,18.446673,22890762090.0,-0.06070450498626723,-0.06070450498626723,-0.14054629698994414,-0.14054629698994414
2016,Estonia,2,18.372549,24072829277.0,-0.004018285573772595,-0.004018285573772595,0.05163948593552492,0.05163948593552492
2017,Estonia,2,18.3984,26924385103.0,0.001407044825407766,0.001407044825407766,0.11845536696945191,0.11845536696945191
2018,Estonia,2,14.595442,30624720196.0,-0.20670047395425684,-0.20670047395425684,0.1374343398686455,0.1374343398686455
2019,Estonia,2,15.741024,31081901909.0,0.07848902417617776,0.07848902417617776,0.014928518859078865,0.014928518859078865
2020,Estonia,1,16.134255,31370395573.0,,0.024981284572083817,,0.009281724935772395
2021,Estonia,1,17.247251,37191166152.0,0.068983414480557,0.068983414480557,0.18554979854987375,0.18554979854987375
2000,Finland,3,33.880178,126019543413.0,,,,
2001,Finland,3,32.616036,129533107312.0,-0.03731214163042473,-0.03731214163042473,0.027881103230830595,0.027881103230830595
2002,Finland,3,32.073611,140404460203.0,-0.01663062304689633,-0.01663062304689633,0.08392721456773766,0.08392721456773766
2003,Finland,3,31.508187,171652458349.0,-0.017628947361118752,-0.017628947361118752,0.22255701920594917,0.22255701920594917
2004,Finland,3,30.837468,197479443979.0,-0.021287134039162492,-0.021287134039162492,0.15046091316379018,0.15046091316379018
2005,Finland,3,31.045475,204885494686.0,0.006745268450704112,0.006745268450704112,0.03750289426471931,0.03750289426471931
2006,Finland,3,30.587988,217089269792.0,-0.014736028358400044,-0.014736028358400044,0.05956388042356564,0.05956388042356564
2007,Finland,2,30.413241,256378067752.0,,-0.005712928879140433,,0.18097991668424607
2008,Finland,2,30.359145,285716311137.0,-0.0017786989554976484,-0.0017786989554976484,0.11443351470056129,0.11443351470056129
2009,Finland,2,29.269925,253497520829.0,-0.035877821987411074,-0.035877821987411074,-0.11276496668946279,-0.11276496668946279
2010,Finland,2,29.423682,249424310817.0,0.0052530711985083745,0.0052530711985083745,-0.016068046735445707,-0.016068046735445707
2011,Finland,2,29.374247,275604356167.0,-0.001680109239897254,-0.001680109239897254,0.10496188308287246,0.10496188308287246
2012,Finland,3,29.37745,258290060228.0,,0.00010904109303622178,,-0.0628230125960294
2013,Finland,3,30.138411,271362405891.0,0.02590289490748865,0.02590289490748865,0.050611106178304555,0.050611106178304555
2014,Finland,3,30.588748,274862826772.0,0.014942294071176976,0.014942294071176976,0.01289943192206966,0.01289943192206966
2015,Finland,2,30.853544,234534382385.0,,0.008656647208967083,,-0.14672207537344673
2016,Finland,1,30.780489,240771351299.0,,-0.00236779930370401,,0.026592983299828843
2017,Finland,1,30.248284,255647979916.0,-0.017290336095700076,-0.017290336095700076,0.06178737020305025,0.06178737020305025
2018,Finland,1,30.347114,275708001768.0,0.003267292782625164,0.003267292782625164,0.078467359134194,0.078467359134194
2019,Finland,3,30.318237,268514916973.0,,-0.0009515567114554146,,-0.02608950320220582
2020,Finland,3,30.969408,271886077382.0,0.021477864956329862,0.021477864956329862,0.012554834744391341,0.012554834744391341
2021,Finland,3,31.316567,296387625264.0,0.011209739624341575,0.011209739624341575,0.09011696412676296,0.09011696412676296
2000,France,5,29.15771,1365639660792.0,,,,
2001,France,5,28.84194,1377657339291.0,-0.010829725654038058,-0.010829725654038058,0.008800036235056652,0.008800036235056652
2002,France,3,28.437236,1501409382971.0,,-0.014031788430320602,,0.08982788401046671
2003,France,1,28.54424,1844544792037.0,,0.00376281295411407,,0.22854220371728395
2004,France,1,28.628794,2119633181634.0,0.0029622088379301914,0.0029622088379301914,0.14913619381029486,0.14913619381029486
2005,France,1,28.869892,2196945232436.0,0.008421521353641381,0.008421521353641381,0.03647425954258798,0.03647425954258798
2006,France,1,27.713788,2320536221305.0,-0.040045317800288194,-0.040045317800288194,0.056255835167980495,0.056255835167980495
2007,France,1,27.761085,2660591246212.0,0.001706623432350618,0.001706623432350618,0.14654157163544013,0.14654157163544013
2008,France,1,27.784969,2930303780828.0,0.0008603410133285472,0.0008603410133285472,0.10137315718827589,0.10137315718827589
2009,France,1,27.845117,2700887366932.0,0.0021647675763107888,0.0021647675763107888,-0.07829100020175217,-0.07829100020175217
2010,France,1,27.847699,2645187882117.0,9.272720958586333e-05,9.272720958586333e-05,-0.02062266109166566,-0.02062266109166566
2011,France,1,27.931896,2865157541994.0,0.0030234814014615807,0.0030234814014615807,0.08315842566954212,0.08315842566954212
2012,France,3,28.121859,2683671716967.0,,0.006800934673392822,,-0.06334235460598625
2013,France,5,28.257742,2811876903329.0,,0.004831935186077052,,0.04777230596106352
2014,France,5,28.619674,2855964488590.0,0.01280824207397746,0.01280824207397746,0.01567905949538706,0.01567905949538706
2015,France,5,29.009213,2439188643163.0,0.013610881801099373,0.013610881801099373,-0.1459317323769539,-0.1459317323769539
2016,France,5,29.027866,2472964344587.0,0.0006430026212707052,0.0006430026212707052,0.013847105068594212,0.013847105068594212
2017,France,3,28.985383,2595151045198.0,,-0.001463524738608113,,0.049409002146938
2018,France,1,28.419659,2790956878747.0,,-0.019517561662028005,,0.07545065013125685
2019,France,1,28.008018,2728870246706.0,-0.014484375058828047,-0.014484375058828047,-0.022245643604810517,-0.022245643604810517
2020,France,2,27.065933,2639008701648.0,,-0.033636260873582624,,-0.03292994423845219
2021,France,2,27.567047,2957879759264.0,0.01851456589359013,0.01851456589359013,0.12082986214364211,0.12082986214364211
2000,Germany,5,43.200817,1947981991012.0,,,,
2001,Germany,5,42.02691,1945790973803.0,-0.027173259246462855,-0.027173259246462855,-0.0011247625589504429,-0.0011247625589504429
2002,Germany,5,42.660082,2078484517475.0,0.015065870890817346,0.015065870890817346,0.06819516867870634,0.06819516867870634
2003,Germany,5,43.367702,2501640388482.0,0.016587403652904342,0.016587403652904342,0.20358865675894533,0.20358865675894533
2004,Germany,5,42.276745,2814353869359.0,-0.025155978981777793,-0.025155978981777793,0.12500337071498713,0.12500337071498713
2005,Germany,4,42.214225,2846864211175.0,,-0.0014788271897470118,,0.01155161835544316
2006,Germany,3,42.514887,2994703642024.0,,0.007122291123430546,,0.051930622566638496
2007,Germany,3,42.157918,3425578382922.0,-0.008396329502181166,-0.008396329502181166,0.14387892506344602,0.14387892506344602
2008,Germany,3,41.849988,3745264093617.0,-0.007304203210414695,-0.007304203210414695,0.09332313406949688,0.09332313406949688
2009,Germany,3,41.205296,3411261212652.0,-0.015404831179402168,-0.015404831179402168,-0.08918006116958122,-0.08918006116958122
2010,Germany,1,39.203424,3399667820000.0,,-0.048582881190806115,,-0.0033985649087795444
2011,Germany,1,39.750485,3749314991051.0,0.013954418879330577,0.013954418879330577,0.10284745144630048,0.10284745144630048
2012,Germany,1,39.798164,3527143188785.0,0.0011994570632283263,0.0011994570632283263,-0.05925663829160466,-0.05925663829160466
2013,Germany,2,39.48549,3733804649549.0,,-0.007856493078424398,,0.058591741163530386
2014,Germany,3,39.544437,3889093051023.0,,0.0014928775101943348,,0.04158985700892437
2015,Germany,3,39.680032,3357585719352.0,0.0034289273103065288,0.0034289273103065288,-0.1366661390452436,-0.1366661390452436
2016,Germany,3,39.73738,3469853463946.0,0.001445260931241199,0.001445260931241199,0.0334370449418242,0.0334370449418242
2017,Germany,3,39.736953,3690849152518.0,-1.0745549907986707e-05,-1.0745549907986707e-05,0.06369020792038826,0.06369020792038826
2018,Germany,3,39.679015,3974443355020.0,-0.0014580383151169274,-0.0014580383151169274,0.07683711546664651,0.07683711546664651
2019,Germany,3,39.215714,3888226035921.0,-0.01167622230541765,-0.01167622230541765,-0.021692929398553717,-0.021692929398553717
2020,Germany,3,38.641284,3889668895300.0,-0.01464795464389601,-0.01464795464389601,0.0003710842337019127,0.0003710842337019127
2021,Germany,3,37.783712,4259934911822.0,-0.022193154865143616,-0.022193154865143616,0.09519216840523459,0.09519216840523459
2000,Greece,5,21.59662,130457756628.0,,,,
2001,Greece,5,20.833003,136309295225.0,-0.03535817178799272,-0.03535817178799272,0.04485389560764608,0.04485389560764608
2002,Greece,5,22.132189,154564203587.0,0.06236191681055292,0.06236191681055292,0.13392269640795518,0.13392269640795518
2003,Greece,5,22.782792,202370140236.0,0.029396233693829377,0.029396233693829377,0.30929500841436,0.30929500841436
2004,Greece,2,24.612553,240963562236.0,,0.08031329083810257,,0.19070709717843326
2005,Greece,1,24.712927,247875422204.0,,0.004078162878917935,,0.028684253767922385
2006,Greece,1,25.922728,273546728473.0,0.04895417689697368,0.04895417689697368,0.1035653556965912,0.1035653556965912
2007,Greece,1,25.673223,318902829551.0,-0.009624951509733082,-0.009624951509733082,0.16580750693378077,0.16580750693378077
2008,Greece,1,24.95818,355908689477.0,-0.027851703699220076,-0.027851703699220076,0.11604117774088896,0.11604117774088896
2009,Greece,2,24.657644,331308500253.0,,-0.012041583160310454,,-0.06911938357040237
2010,Greece,5,23.135232,297124961972.0,,-0.06174198962398847,,-0.10317736567246583
2011,Greece,4,26.560352,282995942007.0,,0.14804779135130364,,-0.04755245022574528
2012,Greece,3,26.479309,242029307133.0,,-0.0030512773324691267,,-0.14476050286610354
2013,Greece,2,24.908666,238907690051.0,,-0.05931586054605886,,-0.01289768218145837
2014,Greece,2,24.630775,235458133125.0,-0.011156398339437379,-0.011156398339437379,-0.0144388693610642,-0.0144388693610642
2015,Greece,4,23.745872,195683527003.0,,-0.035926721753578694,,-0.16892432465216423
2016,Greece,4,25.090019,193148146587.0,0.05660550178995338,0.05660550178995338,-0.01295653474173697,-0.01295653474173697
2017,Greece,4,25.183527,199844406014.0,0.0037269003263806777,0.0037269003263806777,0.03466903278817535,0.03466903278817535
2018,Greece,4,25.466727,212049447242.0,0.01124544627922841,0.01124544627922841,0.061072718878831145,0.061072718878831145
2019,Greece,3,25.527343,205257014892.0,,0.0023802037851192726,,-0.03203230396657519
2020,Greece,1,23.93875,188925995937.0,,-0.06223103595231194,,-0.07956375553640826
2021,Greece,1,22.918209,214873879834.0,-0.04263134039997907,-0.04263134039997907,0.1373441689075583,0.1373441689075583
2000,Hungary,2,35.726396,47218411470.0,,,,
2001,Hungary,2,38.343829,53749989092.0,0.07326328130047033,0.07326328130047033,0.13832692415224113,0.13832692415224113
2002,Hungary,3,36.488408,67608919144.0,,-0.04838903803790695,,0.2578406114330305
2003,Hungary,4,32.95859,85285075492.0,,-0.09673806541518604,,0.2614471074497082
2004,Hungary,4,34.398992,104120803140.0,0.043703386582981896,0.043703386582981896,0.2208560822551755,0.2208560822551755
2005,Hungary,4,33.649061,113211158293.0,-0.021800958586228214,-0.021800958586228214,0.08730584934863761,0.08730584934863761
2006,Hungary,4,35.241965,115715618613.0,0.047338735544507404,0.047338735544507404,0.022122027172606584,0.022122027172606584
2007,Hungary,4,38.808261,140186691234.0,0.1011945843541926,0.1011945843541926,0.21147596940082214,0.21147596940082214
2008,Hungary,4,38.260678,158325583918.0,-0.014109959732542587,-0.014109959732542587,0.1293909751655562,0.1293909751655562
2009,Hungary,5,37.760218,131069277213.0,,-0.013080270035988328,,-0.17215352080505564
2010,Hungary,3,31.387504,132175349954.0,,-0.16876793454953043,,0.008438840623211208
2011,Hungary,1,35.098861,141942264554.0,,0.11824313905304473,,0.07389361634676295
2012,Hungary,1,35.132934,128814279315.0,0.0009707722424383558,0.0009707722424383558,-0.0924882048363096,-0.0924882048363096
2013,Hungary,1,34.5,135684315698.0,-0.01801540400810242,-0.01801540400810242,0.05333287908400397,0.05333287908400397
2014,Hungary,1,34.5,141033843266.0,0.0,0.0,0.03942627812566579,0.03942627812566579
2015,Hungary,1,34.5,125174166987.0,0.0,0.0,-0.11245298228941758,-0.11245298228941758
2016,Hungary,1,33.5,128609822750.0,-0.02898550724637683,-0.02898550724637683,0.027447003209190912,0.027447003209190912
2017,Hungary,1,33.5,143112196040.0,0.0,0.0,0.11276256338670687,0.11276256338670687
2018,Hungary,1,33.5,160565642984.0,0.0,0.0,0.12195639104805389,0.12195639104805389
2019,Hungary,1,33.5,164020460332.0,0.0,0.0,0.021516541669778455,0.021516541669778455
2020,Hungary,1,33.5,157227094449.0,0.0,0.0,-0.04141779549483826,-0.04141779549483826
2021,Hungary,1,33.5,182275444032.0,0.0,0.0,0.15931318753158652,0.15931318753158652
2000,Iceland,1,25.438707,9025660362.0,,,,
2001,Iceland,1,25.641928,8234846523.0,0.007988652882396918,0.007988652882396918,-0.08761839104089253,-0.08761839104089253
2002,Iceland,1,27.247001,9318398444.0,0.06259564413409158,0.06259564413409158,0.1315813133825421,0.1315813133825421
2003,Iceland,1,27.593595,11429335645.0,0.01272044582080789,0.01272044582080789,0.22653433566786418,0.22653433566786418
2004,Iceland,1,28.030967,13825309101.0,0.01585048994159699,0.01585048994159699,0.2096336594199304,0.2096336594199304
2005,Iceland,1,28.158699,16852971987.0,0.0045568174654837534,0.0045568174654837534,0.21899422746222763,0.21899422746222763
2006,Iceland,1,27.809316,17465318552.0,-0.012407639997856434,-0.012407639997856434,0.036334633765032764,0.036334633765032764
2007,Iceland,2,26.83066,21652505597.0,,-0.035191660233570565,,0.23974295301476278
2008,Iceland,3,27.248707,18074619562.0,,0.015580943592144125,,-0.1652412012536657
2009,Iceland,4,26.238675,13154416197.0,,-0.037067153314834345,,-0.2722161508364034
2010,Iceland,4,27.5988,13751161918.0,0.05183664952593836,0.05183664952593836,0.045364667809134174,0.045364667809134174
2011,Iceland,5,28.378515,15221622926.0,,0.028251771816165894,,0.1069335825415012
2012,Iceland,5,28.672475,14751508134.0,0.010358540607216415,0.010358540607216415,-0.03088466941307544,-0.03088466941307544
2013,Iceland,3,29.053343,16125060515.0,,0.013283401589852417,,0.09311267488875719
2014,Iceland,1,28.912259,17867662178.0,,-0.004856033262678361,,0.10806791462140453
2015,Iceland,1,29.354414,17517210519.0,0.015292993881937722,0.015292993881937722,-0.01961373880414541,-0.01961373880414541
2016,Iceland,1,29.043671,20793168031.0,-0.010585903707701294,-0.010585903707701294,0.1870136519993717,0.1870136519993717
2017,Iceland,2,28.312412,24728285177.0,,-0.025177912254962576,,0.1892504855505055
2018,Iceland,2,28.371204,26260850582.0,0.00207654508559707,0.00207654508559707,0.06197621040157908,0.06197621040157908
2019,Iceland,2,28.303713,24663643102.0,-0.002378855687619086,-0.002378855687619086,-0.06082085860138797,-0.06082085860138797
2020,Iceland,2,28.228341,21553080484.0,-0.0026629721690577535,-0.0026629721690577535,-0.12611934924357393,-0.12611934924357393
2021,Iceland,2,28.219393,25552639899.0,-0.00031698639321386946,-0.00031698639321386946,0.18556787824223475,0.18556787824223475
2000,Ireland,1,27.54958,100207610430.0,,,,
2001,Ireland,1,23.515029,109346669230.0,-0.14644691498019213,-0.14644691498019213,0.09120124470370539,0.09120124470370539
2002,Ireland,1,21.907722,128596035288.0,-0.06835232905730193,-0.06835232905730193,0.1760398025248564,0.1760398025248564
2003,Ireland,1,22.93657,164670771260.0,0.04696280151811316,0.04696280151811316,0.28052759084841195,0.28052759084841195
2004,Ireland,1,23.553583,194372115041.0,0.026900840012259897,0.026900840012259897,0.18036803710662364,0.18036803710662364
2005,Ireland,1,22.82663,211876989656.0,-0.030863796815966293,-0.030863796815966293,0.09005856941623347,0.09005856941623347
2006,Ireland,1,21.500277,232180617162.0,-0.05810551097555794,-0.05810551097555794,0.09582743052449749,0.09582743052449749
2007,Ireland,2,20.345914,270079279420.0,,-0.053690610590737986,,0.1632292252524976
2008,Ireland,2,20.451767,275447471451.0,0.005202666245418985,0.005202666245418985,0.019876356462918077,0.019876356462918077
2009,Ireland,2,22.273497,236443115854.0,0.08907445503364086,0.08907445503364086,-0.14160360736489308,-0.14160360736489308
2010,Ireland,2,23.444077,221913560882.0,0.05255483680896633,0.05255483680896633,-0.061450530794780134,-0.061450530794780134
2011,Ireland,2,25.314449,239003132208.0,0.07978015086710388,0.07978015086710388,0.07701003606123558,0.07701003606123558
2012,Ireland,2,25.814607,225628699653.0,0.019757807092700252,0.019757807092700252,-0.05595923547713377,-0.05595923547713377
2013,Ireland,2,26.749803,238340859897.0,0.036227396372914056,0.036227396372914056,0.05634106061662525,0.05634106061662525
2014,Ireland,2,26.939143,259170903648.0,0.007078182968300872,0.007078182968300872,0.08739602500386123,0.08739602500386123
2015,Ireland,2,26.040752,291775166507.0,-0.03334890794410206,-0.03334890794410206,0.12580217300659013,0.12580217300659013
2016,Ireland,2,25.419829,299091127525.0,-0.02384428068743949,-0.02384428068743949,0.025073967416704424,0.025073967416704424
2017,Ireland,1,25.332762,336377500161.0,,-0.003425160727871135,,0.12466559253879361
2018,Ireland,1,25.621254,385736680797.0,0.011388098936862878,0.011388098936862878,0.1467374619657238,0.1467374619657238
2019,Ireland,1,25.988631,399321701632.0,0.014338759531442147,0.014338759531442147,0.035218379561235746,0.035218379561235746
2020,Ireland,2,26.730926,425852281928.0,,0.02856229710599223,,0.06643911459750718
2021,Ireland,2,27.291054,504182603276.0,0.0209543058852506,0.0209543058852506,0.18393777530877142,0.18393777530877142
2000,Italy,4,29.045019,1146676894210.0,,,,
2001,Italy,2,28.472861,1168023426056.0,,-0.01969900587773754,,0.018615995450668388
2002,Italy,1,28.868803,1276769338449.0,,0.013905943628214956,,0.09310250973321343
2003,Italy,1,28.101708,1577621707051.0,-0.026571763297563833,-0.026571763297563833,0.23563564658238967,0.23563564658238967
2004,Italy,1,28.513604,1806542968546.0,0.014657329725296542,0.014657329725296542,0.14510529391923455,0.14510529391923455
2005,Italy,1,28.009731,1858217147204.0,-0.017671319276230446,-0.017671319276230446,0.028603902347028143,0.028603902347028143
2006,Italy,3,28.748655,1949551719390.0,,0.02638097452631727,,0.04915172175836835
2007,Italy,4,29.18973,2213102482751.0,,0.015342456890591993,,0.1351853150340956
2008,Italy,2,29.52948,2408655348719.0,,0.011639367681715473,,0.08836141457169111
2009,Italy,1,29.721882,2199928804119.0,,0.006515590521743109,,-0.08665687463796246
2010,Italy,1,30.229884,2136099955237.0,0.01709185172056049,0.01709185172056049,-0.029014052074090357,-0.029014052074090357
2011,Italy,1,30.785458,2294994296590.0,0.01837830406494456,0.01837830406494456,0.07438525569154408,0.07438525569154408
2012,Italy,1,30.952168,2086957656822.0,0.005415219094677903,0.005415219094677903,-0.0906479985928983,-0.0906479985928983
2013,Italy,3,31.105634,2141924094299.0,,0.00495816641987723,,0.026338070299280814
2014,Italy,4,31.029057,2162009615997.0,,-0.0024618369778284244,,0.009377326559545374
2015,Italy,4,31.09126,1836637711061.0,0.002004669365233802,0.002004669365233802,-0.1504951238553841,-0.1504951238553841
2016,Italy,4,31.112215,1877071687634.0,0.0006739836211204775,0.0006739836211204775,0.02201521635404169,0.02201521635404169
2017,Italy,4,31.135488,1961796197354.0,0.0007480341724304118,0.0007480341724304118,0.04513653382455152,0.04513653382455152
2018,Italy,3,31.222739,2091932426267.0,,0.0028023007058697313,,0.06633524373659361
2019,Italy,2,31.460432,2011302198827.0,,0.007612817056184662,,-0.03854341872021294
2020,Italy,3,30.135067,1897210466668.0,,-0.04212799747950069,,-0.05672530573751611
2021,Italy,2,28.192353,2114355756914.0,,-0.06446688835966419,,0.1144550349373541
2000,Japan,1,19.743566,4968359152796.0,,,,
2001,Japan,1,19.796777,4374709984220.0,0.002695105838529832,0.002695105838529832,-0.11948596112298304,-0.11948596112298304
2002,Japan,1,19.983238,4182845406489.0,0.009418755386293443,0.009418755386293443,-0.04385766791926182,-0.04385766791926182
2003,Japan,1,18.217154,4519563042184.0,-0.08837826982794272,-0.08837826982794272,0.08049966063116698,0.08049966063116698
2004,Japan,1,18.234211,4893116005657.0,0.0009363152993051571,0.0009363152993051571,0.0826524511299851,0.0826524511299851
2005,Japan,1,18.497657,4831466523976.0,0.014447896868145405,0.014447896868145405,-0.012599227488113152,-0.012599227488113152
2006,Japan,1,19.439642,4601662661030.0,0.05092455763451542,0.05092455763451542,-0.04756399776457221,-0.04756399776457221
2007,Japan,1,20.15121,4579749785985.0,0.03660396626645701,0.03660396626645701,-0.004761947291480717,-0.004761947291480717
2008,Japan,1,20.240686,5106679413138.0,0.004440229643778215,0.004440229643778215,0.11505642268176208,0.11505642268176208
2009,Japan,2,20.044061,5289493734900.0,,-0.009714344662033692,,0.03579905981402942
2010,Japan,2,20.629316,5759071769013.0,0.02919842441110121,0.02919842441110121,0.08877561022801306,0.08877561022801306
2011,Japan,1,21.030645,6233147172341.0,,0.019454304737975825,,0.08231802317150971
2012,Japan,1,21.342117,6272362996105.0,0.014810387413224824,0.014810387413224824,0.006291496523299855,0.006291496523299855
2013,Japan,1,21.523032,5212328181166.0,0.008476900393714626,0.008476900393714626,-0.1690008718559909,-0.1690008718559909
2014,Japan,1,21.843162,4896994405353.0,0.01487383376096818,0.01487383376096818,-0.06049768258115695,-0.06049768258115695
2015,Japan,1,22.106945,4444930651964.0,0.012076227791562477,0.012076227791562477,-0.0923145333584291,-0.0923145333584291
2016,Japan,1,22.226413,5003677627544.0,0.005404093600450022,0.005404093600450022,0.12570431786896763,0.12570431786896763
2017,Japan,1,22.263688,4930837369151.0,0.0016770587318788444,0.0016770587318788444,-0.01455734438046774,-0.01455734438046774
2018,Japan,1,22.359012,5040880939325.0,0.004281590722974737,0.004281590722974737,0.022317420335635108,0.022317420335635108
2019,Japan,1,22.374172,5117993853017.0,0.0006780263814878396,0.0006780263814878396,0.015297507443674307,0.015297507443674307
2020,Japan,1,22.228548,5048789595589.0,-0.006508576049205406,-0.006508576049205406,-0.013521754698318955,-0.013521754698318955
2021,Japan,1,22.233671,5005536736792.0,0.00023046939458226667,0.00023046939458226667,-0.008566975901469376,-0.008566975901469376
2000,Luxembourg,1,28.666121,21230182989.0,,,,
2001,Luxembourg,1,27.160991,21387533703.0,-0.052505534320461456,-0.052505534320461456,0.007411651330632818,0.007411651330632818
2002,Luxembourg,1,23.982673,23649833332.0,-0.1170177479901231,-0.1170177479901231,0.10577655471713743,0.10577655471713743
2003,Luxembourg,1,24.572709,29667268248.0,0.024602595382091197,0.024602595382091197,0.2544387874335654,0.2544387874335654
2004,Luxembourg,2,25.028524,35064843793.0,,0.01854964383454827,,0.18193705938408655
2005,Luxembourg,3,25.888584,37672280120.0,,0.03436319297134749,,0.07436041473313293
2006,Luxembourg,3,26.572716,42910146296.0,0.026426010785294274,0.026426010785294274,0.13903767330555739,0.13903767330555739
2007,Luxembourg,3,27.697209,51587401416.0,0.042317578677317114,0.042317578677317114,0.20221919217294482,0.20221919217294482
2008,Luxembourg,3,27.392783,58844277702.0,-0.010991215757515493,-0.010991215757515493,0.14067148347870173,0.14067148347870173
2009,Luxembourg,3,26.24065,54467289898.0,-0.04205972792176693,-0.04205972792176693,-0.0743825563832392,-0.0743825563832392
2010,Luxembourg,3,26.767409,56213985987.0,0.02007415974832938,0.02007415974832938,0.03206871669714073,0.03206871669714073
2011,Luxembourg,3,28.408934,61696281326.0,0.06132550968978734,0.06132550968978734,0.0975254688444942,0.0975254688444942
2012,Luxembourg,3,28.124654,59776383527.0,-0.010006711269067603,-0.010006711269067603,-0.03111853352806404,-0.03111853352806404
2013,Luxembourg,3,29.531952,65203276467.0,0.050037877799314456,0.050037877799314456,0.0907865718833385,0.0907865718833385
2014,Luxembourg,3,30.000944,68804811898.0,0.015880833071921563,0.015880833071921563,0.05523549775635539,0.05523549775635539
2015,Luxembourg,3,30.841086,60071584216.0,0.028003852145452424,0.028003852145452424,-0.12692757150396128,-0.12692757150396128
2016,Luxembourg,3,31.023718,62216885436.0,0.00592171105777517,0.00592171105777517,0.035712412915333225,0.035712412915333225
2017,Luxembourg,3,29.014746,65712180343.0,-0.0647560037774969,-0.0647560037774969,0.05617920091155115,0.05617920091155115
2018,Luxembourg,3,29.580826,71000359760.0,0.019510079460974827,0.019510079460974827,0.08047487375091067,0.08047487375091067
2019,Luxembourg,3,29.961286,69825641851.0,0.01286170981161927,0.01286170981161927,-0.01654523882654757,-0.01654523882654757
2020,Luxembourg,3,31.121448,73992591285.0,0.03872203616360115,0.03872203616360115,0.05967649309822032,0.05967649309822032
2021,Luxembourg,3,31.41502,85506243834.0,0.009433108639417931,0.009433108639417931,0.15560547818432857,0.15560547818432857
2000,Netherlands,3,33.619155,417479337445.0,,,,
2001,Netherlands,3,30.629323,431586852370.0,-0.08893239583207846,-0.08893239583207846,0.03379212732141168,0.03379212732141168
2002,Netherlands,2,30.646604,473861980071.0,,0.000564197909304065,,0.09795277003655678
2003,Netherlands,1,31.127655,580070360702.0,,0.015696714715927484,,0.22413357707045112
2004,Netherlands,1,32.551737,658380081545.0,0.04574973604661192,0.04574973604661192,0.1350003829677313,0.1350003829677313
2005,Netherlands,1,32.511263,685348181516.0,-0.0012433745087091497,-0.0012433745087091497,0.04096129382850533,0.04096129382850533
2006,Netherlands,1,32.492559,733955269899.0,-0.0005753083169977025,-0.0005753083169977025,0.07092320326214385,0.07092320326214385
2007,Netherlands,2,32.472075,848558887541.0,,-0.0006304212604493209,,0.15614523437888894
2008,Netherlands,3,32.840035,951869997864.0,,0.011331582598278711,,0.12174889903325448
2009,Netherlands,3,31.793911,871518638049.0,-0.0318551426635203,-0.0318551426635203,-0.08441421622207734,-0.08441421622207734
2010,Netherlands,2,31.656734,847380859017.0,,-0.004314568283216302,,-0.027696228144971524
2011,Netherlands,1,31.703928,905270626333.0,,0.0014908044525376862,,0.06831611394096715
2012,Netherlands,2,32.006195,838923319920.0,,0.009534055212338188,,-0.07329002453305544
2013,Netherlands,3,34.844855,877172824535.0,,0.08869095498543333,,0.0455935646402672
2014,Netherlands,3,32.432452,892167986714.0,-0.06923268872836474,-0.06923268872836474,0.017094877724864732,0.017094877724864732
2015,Netherlands,3,30.255342,765572770634.0,-0.06712751783306425,-0.06712751783306425,-0.14189616525725246,-0.14189616525725246
2016,Netherlands,3,30.216083,784060430240.0,-0.0012975890340289897,-0.0012975890340289897,0.024148794621691838,0.024148794621691838
2017,Netherlands,3,30.331604,833869641687.0,0.0038231626514924066,0.0038231626514924066,0.06352726081553883,0.06352726081553883
2018,Netherlands,1,30.532698,914043438180.0,,0.0066298505018067555,,0.09614667867126148
2019,Netherlands,1,29.389764,910194347569.0,-0.03743311514757064,-0.03743311514757064,-0.004211058742092266,-0.004211058742092266
2020,Netherlands,1,28.453901,909793466661.0,-0.03184316144899979,-0.03184316144899979,-0.00044043440730068273,-0.00044043440730068273
2021,Netherlands,1,27.673039,1011798853062.0,-0.02744305605055697,-0.02744305605055697,0.1121192777690152,0.1121192777690152
2000,New Zealand,5,19.367838,52622954599.0,,,,
2001,New Zealand,5,19.36221,53872463497.0,-0.0002905848345075013,-0.0002905848345075013,0.023744559907773466,0.023744559907773466
2002,New Zealand,5,19.416535,66627729311.0,0.0028057231070213184,0.0028057231070213184,0.23676782136963737,0.23676782136963737
2003,New Zealand,5,19.459168,88250885550.0,0.002195705876460341,0.002195705876460341,0.32453689271127684,0.32453689271127684
2004,New Zealand,5,19.713631,103905628689.0,0.013076766694239073,0.013076766694239073,0.17738907707765206,0.17738907707765206
2005,New Zealand,5,20.032028,114720129550.0,0.016151108844433715,0.016151108844433715,0.10408002913267467,0.10408002913267467
2006,New Zealand,5,20.439708,111538810713.0,0.020351409253221764,0.020351409253221764,-0.027731130094422074,-0.027731130094422074
2007,New Zealand,5,21.075868,137188946866.0,0.031123732295979867,0.031123732295979867,0.22996601800785066,0.22996601800785066
2008,New Zealand,4,20.511511,133131369930.0,,-0.02677740247756344,,-0.029576558671036812
2009,New Zealand,1,18.073907,121373602349.0,,-0.11884078164694933,,-0.08831703292155857
2010,New Zealand,1,16.991699,146517541181.0,-0.05987681578753268,-0.05987681578753268,0.20716151078469802,0.20716151078469802
2011,New Zealand,1,15.900699,168291357112.0,-0.06420782289045968,-0.06420782289045968,0.14860893620990945,0.14860893620990945
2012,New Zealand,1,16.459485,176206659723.0,0.03514222865296679,0.03514222865296679,0.0470333280735995,0.0470333280735995
2013,New Zealand,1,16.941066,190906575136.0,0.029258570362316938,0.029258570362316938,0.08342428961600268,0.08342428961600268
2014,New Zealand,1,17.313243,201313497221.0,0.02196892450569532,0.02196892450569532,0.05451316738350265,0.05451316738350265
2015,New Zealand,1,17.632008,178064471138.0,0.018411628601296748,0.018411628601296748,-0.11548667329283657,-0.11548667329283657
2016,New Zealand,1,18.002131,188838342528.0,0.020991539931243253,0.020991539931243253,0.060505452441718344,0.060505452441718344
2017,New Zealand,2,18.285249,206556258845.0,,0.015726915885680537,,0.09382584108612835
2018,New Zealand,4,18.609475,211886686924.0,,0.017731560560099613,,0.025806180402405232
2019,New Zealand,4,18.950626,213091987153.0,0.018332113076806378,0.018332113076806378,0.005688418873774248,0.005688418873774248
2020,New Zealand,4,19.260547,212569779570.0,0.016354129937449002,0.016354129937449002,-0.002450620457281949,-0.002450620457281949
2021,New Zealand,5,19.417348,255551704626.0,,0.008141046046096223,,0.20220148481569966
2000,Norway,4,30.697523,171456390282.0,,,,
2001,Norway,4,31.443851,174240242225.0,0.024312319922359826,0.024312319922359826,0.016236501529171887,0.016236501529171887
2002,Norway,1,30.791699,195915371988.0,,-0.020740207680032485,,0.12439795472167936
2003,Norway,1,30.163239,229384929369.0,-0.020410046227069212,-0.020410046227069212,0.17083681102394577,0.17083681102394577
2004,Norway,1,30.089188,265267350723.0,-0.0024550082303826937,-0.0024550082303826937,0.15642885281394303,0.15642885281394303
2005,Norway,2,29.023742,309978579744.0,,-0.035409596297513946,,0.1685515722124762
2006,Norway,4,29.092233,346913357588.0,,0.002359826655019326,,0.11915267782213568
2007,Norway,4,29.541885,402645550185.0,0.015456084103272483,0.015456084103272483,0.16065161913767656,0.16065161913767656
2008,Norway,4,29.598011,464917553191.0,0.0018998787653530247,0.0018998787653530247,0.15465712455381264,0.15465712455381264
2009,Norway,4,29.278337,387974344023.0,-0.010800523048660193,-0.010800523048660193,-0.16549861075344208,-0.16549861075344208
2010,Norway,4,29.264825,431052143940.0,-0.0004615016214890577,-0.0004615016214890577,0.11103259939901133,0.11103259939901133
2011,Norway,4,29.393298,501360549669.0,0.004390014291901778,0.004390014291901778,0.16310881808022404,0.16310881808022404
2012,Norway,4,29.205443,512777309841.0,-0.006391082756348143,-0.006391082756348143,0.02277155667620323,0.02277155667620323
2013,Norway,3,29.209978,526014468085.0,,0.0001552792744832221,,0.02581463335049783
2014,Norway,1,28.701683,501736471833.0,,-0.017401416735062236,,-0.04615461688798428
2015,Norway,1,28.450366,388159512246.0,-0.008756176423521889,-0.008756176423521889,-0.22636775670715725,-0.22636775670715725
2016,Norway,1,27.909403,370956547619.0,-0.01901427208352957,-0.01901427208352957,-0.04431931740499884,-0.04431931740499884
2017,Norway,1,27.541322,401745275035.0,-0.013188422554219481,-0.013188422554219481,0.08299820454341278,0.08299820454341278
2018,Norway,1,27.403907,439788625884.0,-0.0049894119098568,-0.0049894119098568,0.09469520418301292,0.09469520418301292
2019,Norway,1,27.285776,408742840909.0,-0.004310735691812173,-0.004310735691812173,-0.07059251455763826,-0.07059251455763826
2020,Norway,1,27.472253,367633418887.0,0.006834220144591008,0.006834220144591008,-0.10057527106915698,-0.10057527106915698
2021,Norway,2,27.286378,490293364377.0,,-0.0067659175969294605,,0.3336474302617798
2000,Poland,1,27.804217,172220451787.0,,,,
2001,Poland,2,27.662878,190905493539.0,,-0.005083365591629585,,0.10849490613988988
2002,Poland,4,27.590122,199070432431.0,,-0.002630095104348751,,0.042769533451545216
2003,Poland,4,27.842343,217828661057.0,0.009141713835118193,0.009141713835118193,0.09422910472906021,0.09422910472906021
2004,Poland,4,28.084502,255107275407.0,0.0086975079647571,0.0086975079647571,0.1711373249466248,0.1711373249466248
2005,Poland,4,28.377936,306145913284.0,0.010448253631130777,0.010448253631130777,0.20006735517665097,0.20006735517665097
2006,Poland,2,28.710367,344626630395.0,,0.011714417849134628,,0.1256940414399812
2007,Poland,2,27.785682,429020755433.0,-0.03220735562175159,-0.03220735562175159,0.24488567508921233,0.24488567508921233
2008,Poland,2,25.040234,533599853343.0,-0.09880801198257427,-0.09880801198257427,0.24376232754625327,0.24376232754625327
2009,Poland,2,24.387427,439731636117.0,-0.026070323464229772,-0.026070323464229772,-0.17591499817309952,-0.17591499817309952
2010,Poland,2,24.48781,475696613936.0,0.004116178389790726,0.004116178389790726,0.08178847020556579,0.08178847020556579
2011,Poland,2,24.614558,524374222548.0,0.005175963060804589,0.005175963060804589,0.10232910469812406,0.10232910469812406
2012,Poland,2,24.689936,495230574357.0,0.003062334087006624,0.003062334087006624,-0.055577957378200926,-0.055577957378200926
2013,Poland,2,24.758744,515762008469.0,0.002786884502252285,0.002786884502252285,0.04145833309798719,0.04145833309798719
2014,Poland,2,24.881624,539080532037.0,0.0049630950584569344,0.0049630950584569344,0.045211789905230226,0.045211789905230226
2015,Poland,2,24.944558,477111287969.0,0.0025293365095462317,0.0025293365095462317,-0.1149535929888611,-0.1149535929888611
2016,Poland,1,25.00142,470024559638.0,,0.002279535279799294,,-0.014853407390898798
2017,Poland,1,25.109785,524641206562.0,0.004334353808703728,0.004334353808703728,0.11619955979760777,0.11619955979760777
2018,Poland,1,25.217764,588779850763.0,0.00430027576898806,0.00430027576898806,0.12225239534901133,0.12225239534901133
2019,Poland,1,24.988389,596058473059.0,-0.009095770743195009,-0.009095770743195009,0.012362213629708352,0.012362213629708352
2020,Poland,1,24.13379,599442783603.0,-0.03419984377544305,-0.03419984377544305,0.005677816350183829,0.005677816350183829
2021,Poland,1,24.192709,679441900611.0,0.0024413488308301368,0.0024413488308301368,0.1334558012812479,0.1334558012812479
2000,Portugal,4,22.448104,118605192877.0,,,,
2001,Portugal,4,21.340733,121604107165.0,-0.04933026860531298,-0.04933026860531298,0.025284848118834358,0.025284848118834358
2002,Portugal,2,22.744707,134795565549.0,,0.06578846190522136,,0.10847872404589931
2003,Portugal,1,22.493616,165226175537.0,,-0.01103953548401393,,0.22575379141043084
2004,Portugal,1,22.532698,189382122532.0,0.0017374707561470526,0.0017374707561470526,0.1461992745186469,0.1461992745186469
2005,Portugal,4,21.785167,197253876705.0,,-0.03317538805162168,,0.04156545542819079
2006,Portugal,4,22.685766,208756449276.0,0.04134000900704593,0.04134000900704593,0.05831354375966202,0.05831354375966202
2007,Portugal,4,22.4402,240496147317.0,-0.01082467305710555,-0.01082467305710555,0.15204176039149075,0.15204176039149075
2008,Portugal,4,21.971795,263416394624.0,-0.020873477063484303,-0.020873477063484303,0.0953040103249081,0.0953040103249081
2009,Portugal,4,21.464629,244667762836.0,-0.023082592933349355,-0.023082592933349355,-0.07117488573466269,-0.07117488573466269
2010,Portugal,4,22.20025,238113003233.0,0.034271312120046415,0.034271312120046415,-0.02679045055638829,-0.02679045055638829
2011,Portugal,3,23.27616,245117990242.0,,0.04846386865012775,,0.02941875039955466
2012,Portugal,1,22.781514,216224240578.0,,-0.02125118576259999,,-0.11787690342709567
2013,Portugal,1,27.434989,226433858006.0,0.20426539693542756,0.20426539693542756,0.04721772822838055,0.04721772822838055
2014,Portugal,1,27.146663,229901964222.0,-0.010509426484552331,-0.010509426484552331,0.015316199823385501,0.015316199823385501
2015,Portugal,2,28.372136,199394066525.0,,0.04514267554726703,,-0.13269959567435752
2016,Portugal,4,27.606825,206426152309.0,,-0.0269740353704776,,0.03526727703864907
2017,Portugal,4,27.473848,221357874719.0,-0.004816816131518187,-0.004816816131518187,0.07233445105176717,0.07233445105176717
2018,Portugal,4,26.861778,242313116578.0,-0.022278277145596714,-0.022278277145596714,0.09466680092407542,0.09466680092407542
2019,Portugal,4,27.437807,239986922639.0,0.02144418735051712,0.02144418735051712,-0.009599950559222803,-0.009599950559222803
2020,Portugal,4,27.59915,229031860521.0,0.005880316892673099,0.005880316892673099,-0.045648579503972164,-0.045648579503972164
2021,Portugal,4,28.066891,253982847571.0,0.016947659619952038,0.016947659619952038,0.10894111846815413,0.10894111846815413
2000,Slovakia,2,20.157431,29242558797.0,,,,
2001,Slovakia,2,21.218133,30778781607.0,0.052620892017440246,0.052620892017440246,0.05253380255347562,0.05253380255347562
2002,Slovakia,2,20.527443,35297794386.0,-0.03255187438027651,-0.03255187438027651,0.1468223413357026,0.1468223413357026
2003,Slovakia,1,21.109901,46919965224.0,,0.028374600772244296,,0.3292605399336126
2004,Slovakia,1,22.306254,57437444469.0,0.05667260116473294,0.05667260116473294,0.22415786530933346,0.22415786530933346
2005,Slovakia,1,22.210866,62808723477.0,-0.004276289510556142,-0.004276289510556142,0.09351528532748299,0.09351528532748299
2006,Slovakia,3,22.476963,70767338922.0,,0.011980487388470129,,0.1267119438896791
2007,Slovakia,4,22.567547,86563986799.0,,0.004030081821996934,,0.22321946985192032
2008,Slovakia,4,23.047542,100879902985.0,0.021269258905276534,0.021269258905276534,0.16537958469081726,0.16537958469081726
2009,Slovakia,4,21.599161,89399303222.0,-0.06284318735594452,-0.06284318735594452,-0.11380462731716812,-0.11380462731716812
2010,Slovakia,3,21.880299,91162836320.0,,0.013016153729304758,,0.019726474753619883
2011,Slovakia,1,23.044621,99922685425.0,,0.053213258191764146,,0.09609013342071937
2012,Slovakia,4,23.016884,94623731086.0,,-0.0012036214438067017,,-0.053030543729504664
2013,Slovakia,5,22.964098,98935222175.0,,-0.002293359952633134,,0.04556458553807663
2014,Slovakia,5,23.120222,101437045020.0,0.006798612338268173,0.006798612338268173,0.025287483971832447,0.025287483971832447
2015,Slovakia,5,23.274427,88900883131.0,0.006669702392996024,0.006669702392996024,-0.12358563763887531,-0.12358563763887531
2016,Slovakia,4,23.46322,89952699525.0,,0.008111606786280978,,0.011831337968263966
2017,Slovakia,3,23.701132,95649966261.0,,0.010139784735428536,,0.06333625078607663
2018,Slovakia,3,24.011485,106137924016.0,0.013094437852166685,0.013094437852166685,0.10964936178212037,0.10964936178212037
2019,Slovakia,3,24.166733,105710052465.0,0.006465572620768745,0.006465572620768745,-0.004031278687300355,-0.004031278687300355
2020,Slovakia,2,23.603423,106728917483.0,,-0.023309315330293123,,0.009638298290858716
2021,Slovakia,1,23.916987,118656591909.0,,0.013284683327498659,,0.11175672636143674
2000,Slovenia,3,35.555819,20289627637.0,,,,
2001,Slovenia,3,35.438625,20876309970.0,-0.003296056828278826,-0.003296056828278826,0.028915381962463016,0.028915381962463016
2002,Slovenia,3,35.329792,23489890274.0,-0.0030710277275148856,-0.0030710277275148856,0.1251935954081831,0.1251935954081831
2003,Slovenia,3,35.441317,29634713641.0,0.0031566843076800133,0.0031566843076800133,0.26159438359750253,0.26159438359750253
2004,Slovenia,2,35.587059,34414784504.0,,0.004112206101144711,,0.16129971495276108
2005,Slovenia,2,34.715534,36206395971.0,-0.024489941694816775,-0.024489941694816775,0.052059354513516176,0.052059354513516176
2006,Slovenia,2,34.844758,39481045038.0,0.003722368205541615,0.003722368205541615,0.09044393895550584,0.09044393895550584
2007,Slovenia,2,32.849345,48067401207.0,-0.05726580164511397,-0.05726580164511397,0.21748046843075564,0.21748046843075564
2008,Slovenia,3,33.051472,55779427740.0,,0.006153151607741325,,0.16044192819554604
2009,Slovenia,4,32.939539,50567734886.0,,-0.003386626774141699,,-0.09343396060448717
2010,Slovenia,4,33.288115,48208240226.0,0.01058229746323991,0.01058229746323991,-0.04666008207247663,-0.04666008207247663
2011,Slovenia,4,33.413419,51583869785.0,0.003764226361270273,0.003764226361270273,0.07002183741151025,0.07002183741151025
2012,Slovenia,3,33.245101,46577793184.0,,-0.005037437204495565,,-0.09704732548886263
2013,Slovenia,4,33.094657,48415657265.0,,-0.004525298328917682,,0.03945794670305092
2014,Slovenia,3,33.248465,49997186439.0,,0.004647517573607374,,0.032665655354911394
2015,Slovenia,3,33.327139,43107506024.0,0.002366244577005183,0.002366244577005183,-0.13780136255078834,-0.13780136255078834
2016,Slovenia,3,33.458682,44766722791.0,0.003947023475372458,0.003947023475372458,0.03849020553581162,0.03849020553581162
2017,Slovenia,3,33.715959,48589100043.0,0.007689394340159472,0.007689394340159472,0.08538434385392302,0.08538434385392302
2018,Slovenia,3,34.067251,54177882426.0,0.01041916084902117,0.01041916084902117,0.11502131914470692,0.11502131914470692
2019,Slovenia,2,34.378614,54331588482.0,,0.009139657320750727,,0.0028370628218985505
2020,Slovenia,3,33.994543,53706800044.0,,-0.011171800003339283,,-0.011499542999869994
2021,Slovenia,3,34.45312,61748586535.0,0.0134897239242191,0.0134897239242191,0.14973497740345088,0.14973497740345088
2000,Spain,1,19.847808,598363313495.0,,,,
2001,Spain,1,20.148549,627830029412.0,0.015152353348037106,0.015152353348037106,0.049245525673836665,0.049245525673836665
2002,Spain,1,20.466488,708756677089.0,0.015779746720222754,0.015779746720222754,0.12889897565554898,0.12889897565554898
2003,Spain,1,19.787949,907491523174.0,-0.03315366075508397,-0.03315366075508397,0.28039925761439344,0.28039925761439344
2004,Spain,4,20.085827,1069055675274.0,,0.015053505545218338,,0.17803378651397295
2005,Spain,5,20.292946,1153715822718.0,,0.010311698890964394,,0.07919152332482726
2006,Spain,5,20.480578,1260398977832.0,0.009246168594742254,0.009246168594742254,0.09246917916291442,0.09246917916291442
2007,Spain,5,20.591617,1474002579820.0,0.005421673157857132,0.005421673157857132,0.16947300477458138,0.16947300477458138
2008,Spain,5,19.29529,1631863493552.0,-0.06295411380271876,-0.06295411380271876,0.10709676895631848,0.10709676895631848
2009,Spain,5,19.796526,1491472923707.0,0.02597711669531777,0.02597711669531777,-0.0860308294166312,-0.0860308294166312
2010,Spain,4,21.730763,1422108199783.0,,0.09770588031455607,,-0.04650753146198361
2011,Spain,4,22.0407,1480710495710.0,0.014262591700070715,0.014262591700070715,0.0412080430560362,0.0412080430560362
2012,Spain,1,22.859012,1324750738725.0,,0.03712731446823381,,-0.10532765009558287
2013,Spain,1,22.917973,1355579535913.0,0.002579332825058289,0.002579332825058289,0.02327139460036909,0.02327139460036909
2014,Spain,1,22.990196,1371820537889.0,0.0031513694513909396,0.0031513694513909396,0.011980855085025777,0.011980855085025777
2015,Spain,1,21.266679,1196156971280.0,-0.07496747744125365,-0.07496747744125365,-0.12805141908672435,-0.12805141908672435
2016,Spain,1,21.25348,1233554967012.0,-0.0006206422732952799,-0.0006206422732952799,0.031265123750422674,0.031265123750422674
2017,Spain,1,21.096732,1313245330198.0,-0.0073751686782588255,-0.0073751686782588255,0.0646021987808385,0.0646021987808385
2018,Spain,3,21.259164,1421702715218.0,,0.007699391545572087,,0.08258729920908814
2019,Spain,5,21.290233,1394320055129.0,,0.0014614403463844017,,-0.01926046830739947
2020,Spain,5,20.72853,1276962685648.0,-0.026383130705990965,-0.026383130705990965,-0.08416817146773548,-0.08416817146773548
2021,Spain,5,21.406826,1427380681295.0,0.03272282212004418,0.03272282212004418,0.11779357168190852,0.11779357168190852
2000,Sweden,5,33.725876,262834187367.0,,,,
2001,Sweden,5,32.393592,242395011587.0,-0.0395033178678591,-0.0395033178678591,-0.07776452517366172,-0.07776452517366172
2002,Sweden,5,30.626453,266848422378.0,-0.054552116356839875,-0.054552116356839875,0.10088248364064722,0.10088248364064722
2003,Sweden,5,31.238767,334337040047.0,0.019992977965812786,0.019992977965812786,0.252909936913174,0.252909936913174
2004,Sweden,5,31.520744,385118743610.0,0.009026508632687058,0.009026508632687058,0.15188775840050894,0.15188775840050894
2005,Sweden,5,31.188113,392218701193.0,-0.01055276487128598,-0.01055276487128598,0.018435762218288465,0.018435762218288465
2006,Sweden,4,30.884301,423090618043.0,,-0.009741275466072619,,0.07871097618776934
2007,Sweden,1,27.595912,491254769729.0,,-0.10647445121066534,,0.16111005250197308
2008,Sweden,1,26.918887,517706214656.0,-0.02453352511053075,-0.02453352511053075,0.05384465771516456,0.05384465771516456
2009,Sweden,1,25.397816,436535921119.0,-0.05650571659964998,-0.05650571659964998,-0.15678833137233095,-0.15678833137233095
2010,Sweden,1,24.77051,495812558843.0,-0.02469921035729994,-0.02469921035729994,0.135788682800839,0.135788682800839
2011,Sweden,1,24.846336,574094112973.0,0.0030611400411213463,0.0030611400411213463,0.15788537973437666,0.15788537973437666
2012,Sweden,1,24.900505,552483727283.0,0.0021801604872444535,0.0021801604872444535,-0.037642583683864306,-0.037642583683864306
2013,Sweden,1,25.104967,586841821797.0,0.0082111587696716,0.0082111587696716,0.06218842803382807,0.06218842803382807
2014,Sweden,2,24.385087,581964017237.0,,-0.028674803675304616,,-0.008311957973723527
2015,Sweden,5,24.581447,505103781350.0,,0.008052462556315865,,-0.13207042636744204
2016,Sweden,5,24.884049,515654671470.0,0.012310178485424483,0.012310178485424483,0.02088855896465569,0.02088855896465569
2017,Sweden,5,25.003155,541018749769.0,0.004786439698780454,0.004786439698780454,0.049188109217925824,0.049188109217925824
2018,Sweden,5,25.078144,555455371487.0,0.002999181503294368,0.002999181503294368,0.026684143061888488,0.026684143061888488
2019,Sweden,5,24.544028,533879529188.0,-0.02129806735299078,-0.02129806735299078,-0.03884352084171894,-0.03884352084171894
2020,Sweden,5,24.633013,547054174236.0,0.003625525524987072,0.003625525524987072,0.02467718713253131,0.02467718713253131
2021,Sweden,5,24.401817,636856236396.0,-0.009385615961798766,-0.009385615961798766,0.16415570228563725,0.16415570228563725
2000,Switzerland,2,17.819867,279209007353.0,,,,
2001,Switzerland,2,17.845468,286580125206.0,0.0014366549424864594,0.0014366549424864594,0.0264000002108844,0.0264000002108844
2002,Switzerland,2,17.834189,309299934076.0,-0.0006320372208787894,-0.0006320372208787894,0.07927908068875511,0.07927908068875511
2003,Switzerland,2,17.538058,362088305989.0,-0.01660467992124559,-0.01660467992124559,0.1706704919634061,0.1706704919634061
2004,Switzerland,2,17.497956,403914244452.0,-0.002286570155030865,-0.002286570155030865,0.11551308830247242,0.11551308830247242
2005,Switzerland,2,17.509985,418292704114.0,0.0006874517229327193,0.0006874517229327193,0.035597802898750475,0.035597802898750475
2006,Switzerland,2,17.398632,441619409123.0,-0.006359400079440469,-0.006359400079440469,0.05576646396070695,0.05576646396070695
2007,Switzerland,2,17.695499,490754683815.0,0.017062663317437998,0.017062663317437998,0.11126158333841452,0.11126158333841452
2008,Switzerland,2,17.129386,567273005013.0,-0.0319919206573378,-0.0319919206573378,0.15591969617725576,0.15591969617725576
2009,Switzerland,2,17.247278,554191679309.0,0.006882441670705619,0.006882441670705619,-0.02306001799556845,-0.02306001799556845
2010,Switzerland,2,17.384097,598851028907.0,0.007932788002837254,0.007932788002837254,0.08058466278974818,0.08058466278974818
2011,Switzerland,2,17.425165,715888126682.0,0.002362389027166456,0.002362389027166456,0.19543608030299553,0.19543608030299553
2012,Switzerland,2,17.242838,686420221558.0,-0.01046343033193664,-0.01046343033193664,-0.04116272365149831,-0.04116272365149831
2013,Switzerland,2,17.352495,706234937371.0,0.006359567955112944,0.006359567955112944,0.02886674254442223,0.02886674254442223
2014,Switzerland,2,16.985787,726537808338.0,-0.021132868789185855,-0.021132868789185855,0.028748041045064454,0.028748041045064454
2015,Switzerland,2,16.95301,694118186380.0,-0.0019296721429510333,-0.0019296721429510333,-0.04462207139936991,-0.04462207139936991
2016,Switzerland,2,17.214222,687895460903.0,0.015408001292985807,0.015408001292985807,-0.008964936518164213,-0.008964936518164213
2017,Switzerland,2,17.242928,695200833086.0,0.001667574636832203,0.001667574636832203,0.010619887175022491,0.010619887175022491
2018,Switzerland,2,17.379294,725562534364.0,0.00790851762531286,0.00790851762531286,0.043673280918298474,0.043673280918298474
2019,Switzerland,2,17.489646,721369112727.0,0.006349625019290039,0.006349625019290039,-0.00577954544011261,-0.00577954544011261
2020,Switzerland,2,17.803104,739913619797.0,0.01792248968332477,0.01792248968332477,0.025707376075329913,0.025707376075329913
2021,Switzerland,2,18.234247,800640155387.0,0.024217293793262096,0.024217293793262096,0.08207246625175069,0.08207246625175069
2000,United Kingdom,5,25.808511,1666048767080.0,,,,
2001,United Kingdom,5,25.528367,1648765214387.0,-0.010854713780271918,-0.010854713780271918,-0.010373977661705558,-0.010373977661705558
2002,United Kingdom,5,25.635449,1785781372554.0,0.004194627881995094,0.004194627881995094,0.08310228586302482,0.08310228586302482
2003,United Kingdom,5,26.720047,2056704586737.0,0.042308523638497686,0.042308523638497686,0.15171130035673364,0.15171130035673364
2004,United Kingdom,5,26.831025,2423047347028.0,0.0041533609577857344,0.0041533609577857344,0.17812123464566665,0.17812123464566665
2005,United Kingdom,5,26.850531,2544813166101.0,0.0007269942165832877,0.0007269942165832877,0.05025317364200599,0.05025317364200599
2006,United Kingdom,5,26.887329,2709978165671.0,0.001370475690033901,0.001370475690033901,0.06490260336991871,0.06490260336991871
2007,United Kingdom,5,27.011621,3092996468387.0,0.004622697925851904,0.004622697925851904,0.14133630579313672,0.14133630579313672
2008,United Kingdom,5,25.585106,2931683721187.0,-0.05281115857504448,-0.05281115857504448,-0.05215419702180413,-0.05215419702180413
2009,United Kingdom,5,25.237369,2417565709974.0,-0.013591383987230587,-0.013591383987230587,-0.17536612408000152,-0.17536612408000152
2010,United Kingdom,3,25.3912,2491397494468.0,,0.0060953659630684776,,0.030539721915063822
2011,United Kingdom,1,25.069859,2666403005061.0,,-0.012655605091527744,,0.07024391369967642
2012,United Kingdom,1,24.732905,2706340967031.0,-0.013440602119062617,-0.013440602119062617,0.01497821668149757,0.01497821668149757
2013,United Kingdom,1,23.967054,2786315215250.0,-0.03096486239687568,-0.03096486239687568,0.029550691946527374,0.029550691946527374
2014,United Kingdom,1,23.586788,3065223279584.0,-0.015866196988582826,-0.015866196988582826,0.1000992503674698,0.1000992503674698
2015,United Kingdom,1,23.419201,2934857946213.0,-0.007105121731708297,-0.007105121731708297,-0.04253045259028987,-0.04253045259028987
2016,United Kingdom,1,23.463533,2699659680997.0,0.0018929766220461275,0.0018929766220461275,-0.08013957388277981,-0.08013957388277981
2017,United Kingdom,1,23.485995,2683488510504.0,0.0009573153369528686,0.0009573153369528686,-0.005990077418583373,-0.005990077418583373
2018,United Kingdom,1,23.468026,2878152147316.0,-0.0007650942614950695,-0.0007650942614950695,0.0725412596513928,0.0725412596513928
2019,United Kingdom,1,23.373896,2857057847953.0,-0.004010989249798813,-0.004010989249798813,-0.0073291119729967935,-0.0073291119729967935
2020,United Kingdom,1,22.894992,2704609160088.0,-0.0204888393445406,-0.0204888393445406,-0.053358628343568526,-0.053358628343568526
2021,United Kingdom,1,23.25514,3122480345925.0,0.01573042698595417,0.01573042698595417,0.15450335375755508,0.15450335375755508
2000,USA,1,24.91023,10250947997000.0,,,,
2001,USA,1,24.825813,10581929774000.0,-0.00338884867783229,-0.00338884867783229,0.032287918843882935,0.032287918843882935
2002,USA,1,24.658386,10929112955000.0,-0.006744069167039957,-0.006744069167039957,0.032809061146203744,0.032809061146203744
2003,USA,1,24.417553,11456442041000.0,-0.009766778734017656,-0.009766778734017656,0.04824994381257186,0.04824994381257186
2004,USA,1,24.372431,12217193198000.0,-0.001847932919404438,-0.001847932919404438,0.06640378873977149,0.06640378873977149
2005,USA,1,24.271145,13039199193000.0,-0.0041557610728284455,-0.0041557610728284455,0.06728272048072093,0.06728272048072093
2006,USA,1,24.410309,13815586948000.0,0.005733722080272674,0.005733722080272674,0.059542594871685006,0.059542594871685006
2007,USA,1,24.841223,14474226905000.0,0.017652951464071975,0.017652951464071975,0.04767368621246648,0.04767368621246648
2008,USA,1,25.324972,14769857911000.0,0.019473638636873902,0.019473638636873902,0.020424649132581685,0.020424649132581685
2009,USA,1,24.172381,14478064934000.0,-0.04551203452465802,-0.04551203452465802,-0.01975597725843281,-0.01975597725843281
2010,USA,1,24.605264,15048964444000.0,0.017908165521633768,0.017908165521633768,0.03943203132480155,0.03943203132480155
2011,USA,1,23.636435,15599728123000.0,-0.03937486710160876,-0.03937486710160876,0.03659811152119441,0.03659811152119441
2012,USA,1,23.63798,16253972230000.0,6.536518726285578e-05,6.536518726285578e-05,0.041939455729064434,0.041939455729064434
2013,USA,1,25.453432,16843190993000.0,0.07680233251741475,0.07680233251741475,0.03625075487162932,0.03625075487162932
2014,USA,1,25.600062,17550680174000.0,0.005760716275903466,0.005760716275903466,0.04200446229541854,0.04200446229541854
2015,USA,1,25.631947,18206020741000.0,0.0012455047960431287,0.0012455047960431287,0.037339895690814195,0.037339895690814195
2016,USA,1,25.822957,18695110842000.0,0.007452028517380915,0.007452028517380915,0.026864195529480384,0.026864195529480384
2017,USA,1,26.099939,19477336549000.0,0.010726192201768292,0.010726192201768292,0.041841191186878124,0.041841191186878124
2018,USA,1,23.791327,20533057312000.0,-0.08845277377851346,-0.08845277377851346,0.05420252201034148,0.05420252201034148
2019,USA,1,23.879935,21380976119000.0,0.0037243824188537555,0.0037243824188537555,0.041295302210277995,0.041295302210277995
2020,USA,1,24.279443,21060473613000.0,0.01672986128312326,0.01672986128312326,-0.014990078292786091,-0.014990078292786091
2021,USA,1,24.662777,23315080560000.0,0.015788418210417765,0.015788418210417765,0.10705395274721163,0.10705395274721163
